date,origin_group,dep_airport,arr_airport,destination,airline,airline_code,dep_time,arr_time,duration,stops,price_value,price_text,scraped_at,source
2026-01-29,BKKA,DMK,SNO,SNO,Nok Air,DD,6:05,7:20,1ชม.15นาที,Direct,868,฿868,2026-01-26 13:33:36,airpaz.com
2026-01-29,BKKA,DMK,SNO,SNO,Thai AirAsia,FD,6:40,7:50,1ชม.10นาที,Direct,1065,"฿1,065",2026-01-26 13:33:36,airpaz.com
2026-01-29,BKKA,DMK,SNO,SNO,Thai AirAsia,FD,13:15,14:35,1ชม.20นาที,Direct,1377,"฿1,377",2026-01-26 13:33:36,airpaz.com
2026-01-30,BKKA,DMK,SNO,SNO,Nok Air,DD,6:05,7:20,1ชม.15นาที,Direct,1061,"฿1,061",2026-01-26 13:34:05,airpaz.com
2026-01-30,BKKA,DMK,SNO,SNO,Thai AirAsia,FD,6:40,7:50,1ชม.10นาที,Direct,1258,"฿1,258",2026-01-26 13:34:05,airpaz.com
2026-01-30,BKKA,DMK,SNO,SNO,Thai AirAsia,FD,13:15,14:35,1ชม.20นาที,Direct,1377,"฿1,377",2026-01-26 13:34:05,airpaz.com
2026-01-30,BKKA,DMK,SNO,SNO,Nok Air,DD,15:45,17:00,1ชม.15นาที,Direct,1601,"฿1,601",2026-01-26 13:34:05,airpaz.com
2026-01-31,BKKA,DMK,SNO,SNO,Thai AirAsia,FD,6:40,7:50,1ชม.10นาที,Direct,1258,"฿1,258",2026-01-26 13:34:33,airpaz.com
2026-01-31,BKKA,DMK,SNO,SNO,Thai AirAsia,FD,14:25,15:40,1ชม.15นาที,Direct,2212,"฿2,212",2026-01-26 13:34:33,airpaz.com
2026-02-01,BKKA,DMK,SNO,SNO,Nok Air,DD,6:05,7:20,1ชม.15นาที,Direct,1061,"฿1,061",2026-01-26 13:34:36,airpaz.com
2026-02-01,BKKA,DMK,SNO,SNO,Thai AirAsia,FD,6:40,7:50,1ชม.10นาที,Direct,1258,"฿1,258",2026-01-26 13:34:36,airpaz.com
2026-02-01,BKKA,DMK,SNO,SNO,Thai AirAsia,FD,14:25,15:40,1ชม.15นาที,Direct,2212,"฿2,212",2026-01-26 13:34:36,airpaz.com
2026-02-02,BKKA,DMK,SNO,SNO,Nok Air,DD,6:05,7:20,1ชม.15นาที,Direct,1061,"฿1,061",2026-01-26 13:35:05,airpaz.com
2026-02-02,BKKA,DMK,SNO,SNO,Thai AirAsia,FD,13:15,14:35,1ชม.20นาที,Direct,1279,"฿1,279",2026-01-26 13:35:05,airpaz.com
2026-02-02,BKKA,DMK,SNO,SNO,Nok Air,DD,15:45,17:00,1ชม.15นาที,Direct,1351,"฿1,351",2026-01-26 13:35:05,airpaz.com
2026-02-02,BKKA,DMK,SNO,SNO,Thai AirAsia,FD,6:40,7:50,1ชม.10นาที,Direct,1355,"฿1,355",2026-01-26 13:35:05,airpaz.com
2026-02-03,BKKA,DMK,SNO,SNO,Thai AirAsia,FD,6:40,7:50,1ชม.10นาที,Direct,1065,"฿1,065",2026-01-26 13:35:34,airpaz.com
2026-02-03,BKKA,DMK,SNO,SNO,Thai AirAsia,FD,13:15,14:35,1ชม.20นาที,Direct,1918,"฿1,918",2026-01-26 13:35:34,airpaz.com
2026-02-04,BKKA,DMK,SNO,SNO,Nok Air,DD,6:05,7:20,1ชม.15นาที,Direct,868,฿868,2026-01-26 13:35:37,airpaz.com
2026-02-04,BKKA,DMK,SNO,SNO,Thai AirAsia,FD,6:40,7:50,1ชม.10นาที,Direct,1065,"฿1,065",2026-01-26 13:35:37,airpaz.com
2026-02-04,BKKA,DMK,SNO,SNO,Thai AirAsia,FD,13:15,14:35,1ชม.20นาที,Direct,1918,"฿1,918",2026-01-26 13:35:37,airpaz.com
2026-02-05,BKKA,DMK,SNO,SNO,Nok Air,DD,6:05,7:20,1ชม.15นาที,Direct,1061,"฿1,061",2026-01-26 13:36:05,airpaz.com
2026-02-05,BKKA,DMK,SNO,SNO,Thai AirAsia,FD,6:40,7:50,1ชม.10นาที,Direct,1065,"฿1,065",2026-01-26 13:36:06,airpaz.com
2026-02-05,BKKA,DMK,SNO,SNO,Thai AirAsia,FD,14:00,15:15,1ชม.15นาที,Direct,1623,"฿1,623",2026-01-26 13:36:06,airpaz.com
2026-02-06,BKKA,DMK,SNO,SNO,Nok Air,DD,15:45,17:00,1ชม.15นาที,Direct,1851,"฿1,851",2026-01-26 13:36:34,airpaz.com
2026-02-06,BKKA,DMK,SNO,SNO,Thai AirAsia,FD,6:40,7:50,1ชม.10นาที,Direct,1887,"฿1,887",2026-01-26 13:36:34,airpaz.com
2026-02-06,BKKA,DMK,SNO,SNO,Nok Air,DD,6:05,7:20,1ชม.15นาที,Direct,2073,"฿2,073",2026-01-26 13:36:34,airpaz.com
2026-02-06,BKKA,DMK,SNO,SNO,Thai AirAsia,FD,13:50,15:10,1ชม.20นาที,Direct,2212,"฿2,212",2026-01-26 13:36:34,airpaz.com
2026-02-07,BKKA,DMK,SNO,SNO,Nok Air,DD,6:05,7:20,1ชม.15นาที,Direct,2073,"฿2,073",2026-01-26 13:37:03,airpaz.com
2026-02-07,BKKA,DMK,SNO,SNO,Thai AirAsia,FD,14:40,15:55,1ชม.15นาที,Direct,2802,"฿2,802",2026-01-26 13:37:03,airpaz.com
2026-02-07,BKKA,DMK,SNO,SNO,Thai AirAsia,FD,6:35,7:45,1ชม.10นาที,Direct,3338,"฿3,338",2026-01-26 13:37:03,airpaz.com
2026-02-08,BKKA,DMK,SNO,SNO,Nok Air,DD,6:05,7:20,1ชม.15นาที,Direct,1302,"฿1,302",2026-01-26 13:37:32,airpaz.com
2026-02-08,BKKA,DMK,SNO,SNO,Nok Air,DD,15:45,17:00,1ชม.15นาที,Direct,1351,"฿1,351",2026-01-26 13:37:32,airpaz.com
2026-02-09,BKKA,DMK,SNO,SNO,Nok Air,DD,6:05,7:20,1ชม.15นาที,Direct,1302,"฿1,302",2026-01-26 13:37:42,airpaz.com
2026-02-09,BKKA,DMK,SNO,SNO,Nok Air,DD,15:45,17:00,1ชม.15นาที,Direct,1351,"฿1,351",2026-01-26 13:37:42,airpaz.com
2026-02-09,BKKA,DMK,SNO,SNO,Thai AirAsia,FD,6:50,8:05,1ชม.15นาที,Direct,1355,"฿1,355",2026-01-26 13:37:42,airpaz.com
2026-02-10,BKKA,DMK,SNO,SNO,Nok Air,DD,6:05,7:20,1ชม.15นาที,Direct,868,฿868,2026-01-26 13:38:11,airpaz.com
2026-02-10,BKKA,DMK,SNO,SNO,Thai AirAsia,FD,6:50,8:05,1ชม.15นาที,Direct,968,฿968,2026-01-26 13:38:11,airpaz.com
2026-02-10,BKKA,DMK,SNO,SNO,Thai AirAsia,FD,13:15,14:35,1ชม.20นาที,Direct,984,฿984,2026-01-26 13:38:11,airpaz.com
2026-02-11,BKKA,DMK,SNO,SNO,Nok Air,DD,6:05,7:20,1ชม.15นาที,Direct,868,฿868,2026-01-26 13:38:40,airpaz.com
2026-02-11,BKKA,DMK,SNO,SNO,Nok Air,DD,15:45,17:00,1ชม.15นาที,Direct,901,฿901,2026-01-26 13:38:40,airpaz.com
2026-02-11,BKKA,DMK,SNO,SNO,Thai AirAsia,FD,6:40,7:50,1ชม.10นาที,Direct,968,฿968,2026-01-26 13:38:40,airpaz.com
2026-02-11,BKKA,DMK,SNO,SNO,Thai AirAsia,FD,13:15,14:35,1ชม.20นาที,Direct,984,฿984,2026-01-26 13:38:40,airpaz.com
2026-02-12,BKKA,DMK,SNO,SNO,Nok Air,DD,6:05,7:20,1ชม.15นาที,Direct,868,฿868,2026-01-26 13:39:09,airpaz.com
2026-02-12,BKKA,DMK,SNO,SNO,Thai AirAsia,FD,6:40,7:50,1ชม.10นาที,Direct,968,฿968,2026-01-26 13:39:09,airpaz.com
2026-02-12,BKKA,DMK,SNO,SNO,Thai AirAsia,FD,13:15,14:35,1ชม.20นาที,Direct,984,฿984,2026-01-26 13:39:09,airpaz.com
2026-02-13,BKKA,DMK,SNO,SNO,Thai AirAsia,FD,6:40,7:50,1ชม.10นาที,Direct,968,฿968,2026-01-26 13:39:38,airpaz.com
2026-02-13,BKKA,DMK,SNO,SNO,Nok Air,DD,6:05,7:20,1ชม.15นาที,Direct,1061,"฿1,061",2026-01-26 13:39:38,airpaz.com
2026-02-13,BKKA,DMK,SNO,SNO,Thai AirAsia,FD,13:05,14:15,1ชม.10นาที,Direct,1179,"฿1,179",2026-01-26 13:39:38,airpaz.com
2026-02-13,BKKA,DMK,SNO,SNO,Nok Air,DD,15:45,17:00,1ชม.15นาที,Direct,1351,"฿1,351",2026-01-26 13:39:38,airpaz.com
2026-02-14,BKKA,DMK,SNO,SNO,Nok Air,DD,6:05,7:20,1ชม.15นาที,Direct,1061,"฿1,061",2026-01-26 13:40:07,airpaz.com
2026-02-14,BKKA,DMK,SNO,SNO,Thai AirAsia,FD,6:50,8:05,1ชม.15นาที,Direct,1161,"฿1,161",2026-01-26 13:40:07,airpaz.com
2026-02-14,BKKA,DMK,SNO,SNO,Thai AirAsia,FD,13:15,14:35,1ชม.20นาที,Direct,1279,"฿1,279",2026-01-26 13:40:07,airpaz.com
2026-02-15,BKKA,DMK,SNO,SNO,Thai AirAsia,FD,6:50,8:05,1ชม.15นาที,Direct,968,฿968,2026-01-26 13:40:36,airpaz.com
2026-02-15,BKKA,DMK,SNO,SNO,Nok Air,DD,6:05,7:20,1ชม.15นาที,Direct,1061,"฿1,061",2026-01-26 13:40:36,airpaz.com
2026-02-15,BKKA,DMK,SNO,SNO,Nok Air,DD,15:45,17:00,1ชม.15นาที,Direct,1601,"฿1,601",2026-01-26 13:40:36,airpaz.com
2026-02-16,BKKA,DMK,SNO,SNO,Thai AirAsia,FD,6:50,8:05,1ชม.15นาที,Direct,968,฿968,2026-01-26 13:41:05,airpaz.com
2026-02-16,BKKA,DMK,SNO,SNO,Thai AirAsia,FD,13:15,14:35,1ชม.20นาที,Direct,984,฿984,2026-01-26 13:41:05,airpaz.com
2026-02-16,BKKA,DMK,SNO,SNO,Nok Air,DD,6:05,7:20,1ชม.15นาที,Direct,1061,"฿1,061",2026-01-26 13:41:05,airpaz.com
2026-02-16,BKKA,DMK,SNO,SNO,Nok Air,DD,15:45,17:00,1ชม.15นาที,Direct,1101,"฿1,101",2026-01-26 13:41:05,airpaz.com
2026-02-17,BKKA,DMK,SNO,SNO,Nok Air,DD,6:05,7:20,1ชม.15นาที,Direct,868,฿868,2026-01-26 13:41:33,airpaz.com
2026-02-17,BKKA,DMK,SNO,SNO,Thai AirAsia,FD,6:50,8:05,1ชม.15นาที,Direct,968,฿968,2026-01-26 13:41:33,airpaz.com
2026-02-17,BKKA,DMK,SNO,SNO,Thai AirAsia,FD,13:15,14:35,1ชม.20นาที,Direct,984,฿984,2026-01-26 13:41:33,airpaz.com
2026-02-18,BKKA,DMK,SNO,SNO,Nok Air,DD,6:05,7:20,1ชม.15นาที,Direct,868,฿868,2026-01-26 13:42:02,airpaz.com
2026-02-18,BKKA,DMK,SNO,SNO,Nok Air,DD,15:45,17:00,1ชม.15นาที,Direct,901,฿901,2026-01-26 13:42:02,airpaz.com
2026-02-18,BKKA,DMK,SNO,SNO,Thai AirAsia,FD,6:50,8:05,1ชม.15นาที,Direct,968,฿968,2026-01-26 13:42:02,airpaz.com
2026-02-18,BKKA,DMK,SNO,SNO,Thai AirAsia,FD,13:15,14:35,1ชม.20นาที,Direct,984,฿984,2026-01-26 13:42:02,airpaz.com
2026-02-19,BKKA,DMK,SNO,SNO,Thai AirAsia,FD,6:50,8:05,1ชม.15นาที,Direct,968,฿968,2026-01-26 13:42:31,airpaz.com
2026-02-19,BKKA,DMK,SNO,SNO,Thai AirAsia,FD,13:15,14:35,1ชม.20นาที,Direct,984,฿984,2026-01-26 13:42:31,airpaz.com
2026-02-20,BKKA,DMK,SNO,SNO,Nok Air,DD,6:05,7:20,1ชม.15นาที,Direct,868,฿868,2026-01-26 13:44:25,airpaz.com
2026-02-20,BKKA,DMK,SNO,SNO,Nok Air,DD,15:45,17:00,1ชม.15นาที,Direct,901,฿901,2026-01-26 13:44:25,airpaz.com
2026-02-20,BKKA,DMK,SNO,SNO,Thai AirAsia,FD,6:50,8:05,1ชม.15นาที,Direct,968,฿968,2026-01-26 13:44:25,airpaz.com
2026-02-20,BKKA,DMK,SNO,SNO,Thai AirAsia,FD,13:15,14:35,1ชม.20นาที,Direct,984,฿984,2026-01-26 13:44:25,airpaz.com
2026-02-21,BKKA,DMK,SNO,SNO,Nok Air,DD,6:05,7:20,1ชม.15นาที,Direct,868,฿868,2026-01-26 13:44:54,airpaz.com
2026-02-21,BKKA,DMK,SNO,SNO,Thai AirAsia,FD,6:50,8:05,1ชม.15นาที,Direct,1161,"฿1,161",2026-01-26 13:44:54,airpaz.com
2026-02-21,BKKA,DMK,SNO,SNO,Thai AirAsia,FD,13:15,14:35,1ชม.20นาที,Direct,1179,"฿1,179",2026-01-26 13:44:54,airpaz.com
2026-02-22,BKKA,DMK,SNO,SNO,Nok Air,DD,6:05,7:20,1ชม.15นาที,Direct,868,฿868,2026-01-26 13:45:23,airpaz.com
2026-02-22,BKKA,DMK,SNO,SNO,Thai AirAsia,FD,6:50,8:05,1ชม.15นาที,Direct,1161,"฿1,161",2026-01-26 13:45:23,airpaz.com
2026-02-22,BKKA,DMK,SNO,SNO,Nok Air,DD,15:45,17:00,1ชม.15นาที,Direct,1601,"฿1,601",2026-01-26 13:45:23,airpaz.com
2026-02-23,BKKA,DMK,SNO,SNO,Nok Air,DD,6:05,7:20,1ชม.15นาที,Direct,868,฿868,2026-01-26 13:45:52,airpaz.com
2026-02-23,BKKA,DMK,SNO,SNO,Nok Air,DD,15:45,17:00,1ชม.15นาที,Direct,901,฿901,2026-01-26 13:45:52,airpaz.com
2026-02-23,BKKA,DMK,SNO,SNO,Thai AirAsia,FD,6:40,7:50,1ชม.10นาที,Direct,968,฿968,2026-01-26 13:45:52,airpaz.com
2026-02-23,BKKA,DMK,SNO,SNO,Thai AirAsia,FD,13:15,14:35,1ชม.20นาที,Direct,984,฿984,2026-01-26 13:45:52,airpaz.com
2026-02-24,BKKA,DMK,SNO,SNO,Nok Air,DD,6:05,7:20,1ชม.15นาที,Direct,868,฿868,2026-01-26 13:46:20,airpaz.com
2026-02-24,BKKA,DMK,SNO,SNO,Thai AirAsia,FD,6:40,7:50,1ชม.10นาที,Direct,968,฿968,2026-01-26 13:46:20,airpaz.com
2026-02-24,BKKA,DMK,SNO,SNO,Thai AirAsia,FD,13:15,14:35,1ชม.20นาที,Direct,984,฿984,2026-01-26 13:46:20,airpaz.com
2026-02-25,BKKA,DMK,SNO,SNO,Nok Air,DD,6:05,7:20,1ชม.15นาที,Direct,868,฿868,2026-01-26 13:46:49,airpaz.com
2026-02-25,BKKA,DMK,SNO,SNO,Nok Air,DD,15:45,17:00,1ชม.15นาที,Direct,901,฿901,2026-01-26 13:46:49,airpaz.com
2026-02-25,BKKA,DMK,SNO,SNO,Thai AirAsia,FD,6:40,7:50,1ชม.10นาที,Direct,968,฿968,2026-01-26 13:46:49,airpaz.com
2026-02-25,BKKA,DMK,SNO,SNO,Thai AirAsia,FD,13:15,14:35,1ชม.20นาที,Direct,984,฿984,2026-01-26 13:46:49,airpaz.com
2026-02-26,BKKA,DMK,SNO,SNO,Nok Air,DD,6:05,7:20,1ชม.15นาที,Direct,868,฿868,2026-01-26 13:47:18,airpaz.com
2026-02-26,BKKA,DMK,SNO,SNO,Thai AirAsia,FD,6:40,7:50,1ชม.10นาที,Direct,968,฿968,2026-01-26 13:47:18,airpaz.com
2026-02-26,BKKA,DMK,SNO,SNO,Thai AirAsia,FD,13:15,14:25,1ชม.10นาที,Direct,984,฿984,2026-01-26 13:47:18,airpaz.com
2026-02-27,BKKA,DMK,SNO,SNO,Nok Air,DD,6:05,7:20,1ชม.15นาที,Direct,868,฿868,2026-01-26 13:47:46,airpaz.com
2026-02-27,BKKA,DMK,SNO,SNO,Nok Air,DD,15:45,17:00,1ชม.15นาที,Direct,901,฿901,2026-01-26 13:47:46,airpaz.com
2026-02-27,BKKA,DMK,SNO,SNO,Thai AirAsia,FD,6:40,7:50,1ชม.10นาที,Direct,968,฿968,2026-01-26 13:47:46,airpaz.com
2026-02-27,BKKA,DMK,SNO,SNO,Thai AirAsia,FD,13:50,15:10,1ชม.20นาที,Direct,1179,"฿1,179",2026-01-26 13:47:46,airpaz.com
2026-02-28,BKKA,DMK,SNO,SNO,Nok Air,DD,6:05,7:20,1ชม.15นาที,Direct,868,฿868,2026-01-26 13:48:15,airpaz.com
2026-02-28,BKKA,DMK,SNO,SNO,Thai AirAsia,FD,6:35,7:45,1ชม.10นาที,Direct,1161,"฿1,161",2026-01-26 13:48:15,airpaz.com
2026-02-28,BKKA,DMK,SNO,SNO,Thai AirAsia,FD,13:15,14:30,1ชม.15นาที,Direct,1179,"฿1,179",2026-01-26 13:48:15,airpaz.com
2026-03-01,BKKA,DMK,SNO,SNO,Nok Air,DD,6:05,7:20,1ชม.15นาที,Direct,868,฿868,2026-01-26 13:48:19,airpaz.com
2026-03-01,BKKA,DMK,SNO,SNO,Thai AirAsia,FD,6:35,7:45,1ชม.10นาที,Direct,1161,"฿1,161",2026-01-26 13:48:19,airpaz.com
2026-03-01,BKKA,DMK,SNO,SNO,Thai AirAsia,FD,13:15,14:30,1ชม.15นาที,Direct,1179,"฿1,179",2026-01-26 13:48:19,airpaz.com
2026-03-02,BKKA,DMK,SNO,SNO,Nok Air,DD,6:05,7:20,1ชม.15นาที,Direct,868,฿868,2026-01-26 13:48:48,airpaz.com
2026-03-02,BKKA,DMK,SNO,SNO,Nok Air,DD,15:45,17:00,1ชม.15นาที,Direct,901,฿901,2026-01-26 13:48:48,airpaz.com
2026-03-02,BKKA,DMK,SNO,SNO,Thai AirAsia,FD,13:15,14:35,1ชม.20นาที,Direct,984,฿984,2026-01-26 13:48:48,airpaz.com
2026-03-02,BKKA,DMK,SNO,SNO,Thai AirAsia,FD,6:50,8:05,1ชม.15นาที,Direct,1161,"฿1,161",2026-01-26 13:48:48,airpaz.com
2026-03-03,BKKA,DMK,SNO,SNO,Nok Air,DD,6:05,7:20,1ชม.15นาที,Direct,868,฿868,2026-01-26 13:49:17,airpaz.com
2026-03-03,BKKA,DMK,SNO,SNO,Thai AirAsia,FD,13:15,14:35,1ชม.20นาที,Direct,984,฿984,2026-01-26 13:49:17,airpaz.com
2026-03-03,BKKA,DMK,SNO,SNO,Thai AirAsia,FD,6:50,8:05,1ชม.15นาที,Direct,1161,"฿1,161",2026-01-26 13:49:17,airpaz.com
2026-03-04,BKKA,DMK,SNO,SNO,Nok Air,DD,6:05,7:20,1ชม.15นาที,Direct,868,฿868,2026-01-26 13:49:46,airpaz.com
2026-03-04,BKKA,DMK,SNO,SNO,Nok Air,DD,15:45,17:00,1ชม.15นาที,Direct,901,฿901,2026-01-26 13:49:46,airpaz.com
2026-03-04,BKKA,DMK,SNO,SNO,Thai AirAsia,FD,6:50,8:05,1ชม.15นาที,Direct,968,฿968,2026-01-26 13:49:46,airpaz.com
2026-03-04,BKKA,DMK,SNO,SNO,Thai AirAsia,FD,13:15,14:35,1ชม.20นาที,Direct,984,฿984,2026-01-26 13:49:46,airpaz.com
2026-03-05,BKKA,DMK,SNO,SNO,Nok Air,DD,6:05,7:20,1ชม.15นาที,Direct,868,฿868,2026-01-26 13:50:14,airpaz.com
2026-03-05,BKKA,DMK,SNO,SNO,Thai AirAsia,FD,6:50,8:05,1ชม.15นาที,Direct,968,฿968,2026-01-26 13:50:14,airpaz.com
2026-03-05,BKKA,DMK,SNO,SNO,Thai AirAsia,FD,13:15,14:35,1ชม.20นาที,Direct,984,฿984,2026-01-26 13:50:14,airpaz.com
2026-03-06,BKKA,DMK,SNO,SNO,Nok Air,DD,6:05,7:20,1ชม.15นาที,Direct,868,฿868,2026-01-26 13:50:43,airpaz.com
2026-03-06,BKKA,DMK,SNO,SNO,Nok Air,DD,15:45,17:00,1ชม.15นาที,Direct,901,฿901,2026-01-26 13:50:43,airpaz.com
2026-03-06,BKKA,DMK,SNO,SNO,Thai AirAsia,FD,13:15,14:35,1ชม.20นาที,Direct,984,฿984,2026-01-26 13:50:43,airpaz.com
2026-03-06,BKKA,DMK,SNO,SNO,Thai AirAsia,FD,6:50,8:05,1ชม.15นาที,Direct,1161,"฿1,161",2026-01-26 13:50:43,airpaz.com
2026-03-07,BKKA,DMK,SNO,SNO,Nok Air,DD,6:05,7:20,1ชม.15นาที,Direct,868,฿868,2026-01-26 13:51:11,airpaz.com
2026-03-07,BKKA,DMK,SNO,SNO,Thai AirAsia,FD,6:50,8:05,1ชม.15นาที,Direct,968,฿968,2026-01-26 13:51:11,airpaz.com
2026-03-07,BKKA,DMK,SNO,SNO,Thai AirAsia,FD,13:15,14:35,1ชม.20นาที,Direct,1179,"฿1,179",2026-01-26 13:51:11,airpaz.com
2026-03-08,BKKA,DMK,SNO,SNO,Nok Air,DD,6:05,7:20,1ชม.15นาที,Direct,868,฿868,2026-01-26 13:51:40,airpaz.com
2026-03-08,BKKA,DMK,SNO,SNO,Nok Air,DD,15:45,17:00,1ชม.15นาที,Direct,901,฿901,2026-01-26 13:51:40,airpaz.com
2026-03-09,BKKA,DMK,SNO,SNO,Nok Air,DD,6:05,7:20,1ชม.15นาที,Direct,868,฿868,2026-01-26 13:51:54,airpaz.com
2026-03-09,BKKA,DMK,SNO,SNO,Nok Air,DD,15:45,17:00,1ชม.15นาที,Direct,901,฿901,2026-01-26 13:51:54,airpaz.com
2026-03-09,BKKA,DMK,SNO,SNO,Thai AirAsia,FD,6:50,8:05,1ชม.15นาที,Direct,968,฿968,2026-01-26 13:51:54,airpaz.com
2026-03-10,BKKA,DMK,SNO,SNO,Nok Air,DD,6:05,7:20,1ชม.15นาที,Direct,868,฿868,2026-01-26 13:52:23,airpaz.com
2026-03-10,BKKA,DMK,SNO,SNO,Thai AirAsia,FD,6:50,8:05,1ชม.15นาที,Direct,968,฿968,2026-01-26 13:52:23,airpaz.com
2026-03-10,BKKA,DMK,SNO,SNO,Thai AirAsia,FD,13:15,14:35,1ชม.20นาที,Direct,984,฿984,2026-01-26 13:52:23,airpaz.com
2026-03-11,BKKA,DMK,SNO,SNO,Nok Air,DD,6:05,7:20,1ชม.15นาที,Direct,868,฿868,2026-01-26 13:52:52,airpaz.com
2026-03-11,BKKA,DMK,SNO,SNO,Nok Air,DD,15:45,17:00,1ชม.15นาที,Direct,901,฿901,2026-01-26 13:52:52,airpaz.com
2026-03-11,BKKA,DMK,SNO,SNO,Thai AirAsia,FD,6:50,8:05,1ชม.15นาที,Direct,968,฿968,2026-01-26 13:52:52,airpaz.com
2026-03-11,BKKA,DMK,SNO,SNO,Thai AirAsia,FD,13:15,14:35,1ชม.20นาที,Direct,984,฿984,2026-01-26 13:52:52,airpaz.com
2026-03-12,BKKA,DMK,SNO,SNO,Nok Air,DD,6:05,7:20,1ชม.15นาที,Direct,868,฿868,2026-01-26 13:52:55,airpaz.com
2026-03-12,BKKA,DMK,SNO,SNO,Nok Air,DD,15:45,17:00,1ชม.15นาที,Direct,901,฿901,2026-01-26 13:52:55,airpaz.com
2026-03-12,BKKA,DMK,SNO,SNO,Thai AirAsia,FD,6:50,8:05,1ชม.15นาที,Direct,968,฿968,2026-01-26 13:52:55,airpaz.com
2026-03-12,BKKA,DMK,SNO,SNO,Thai AirAsia,FD,13:15,14:35,1ชม.20นาที,Direct,984,฿984,2026-01-26 13:52:55,airpaz.com
2026-03-13,BKKA,DMK,SNO,SNO,Nok Air,DD,6:05,7:20,1ชม.15นาที,Direct,868,฿868,2026-01-26 13:53:23,airpaz.com
2026-03-13,BKKA,DMK,SNO,SNO,Nok Air,DD,15:45,17:00,1ชม.15นาที,Direct,901,฿901,2026-01-26 13:53:24,airpaz.com
2026-03-13,BKKA,DMK,SNO,SNO,Thai AirAsia,FD,6:50,8:05,1ชม.15นาที,Direct,968,฿968,2026-01-26 13:53:24,airpaz.com
2026-03-13,BKKA,DMK,SNO,SNO,Thai AirAsia,FD,13:15,14:35,1ชม.20นาที,Direct,984,฿984,2026-01-26 13:53:24,airpaz.com
2026-03-14,BKKA,DMK,SNO,SNO,Nok Air,DD,6:05,7:20,1ชม.15นาที,Direct,868,฿868,2026-01-26 13:53:52,airpaz.com
2026-03-14,BKKA,DMK,SNO,SNO,Thai AirAsia,FD,6:50,8:05,1ชม.15นาที,Direct,1161,"฿1,161",2026-01-26 13:53:52,airpaz.com
2026-03-14,BKKA,DMK,SNO,SNO,Thai AirAsia,FD,13:15,14:35,1ชม.20นาที,Direct,1179,"฿1,179",2026-01-26 13:53:52,airpaz.com
2026-03-15,BKKA,DMK,SNO,SNO,Nok Air,DD,6:05,7:20,1ชม.15นาที,Direct,868,฿868,2026-01-26 13:54:21,airpaz.com
2026-03-15,BKKA,DMK,SNO,SNO,Nok Air,DD,15:45,17:00,1ชม.15นาที,Direct,901,฿901,2026-01-26 13:54:21,airpaz.com
2026-03-15,BKKA,DMK,SNO,SNO,Thai AirAsia,FD,6:50,8:05,1ชม.15นาที,Direct,968,฿968,2026-01-26 13:54:21,airpaz.com
2026-03-16,BKKA,DMK,SNO,SNO,Nok Air,DD,6:05,7:20,1ชม.15นาที,Direct,868,฿868,2026-01-26 13:54:50,airpaz.com
2026-03-16,BKKA,DMK,SNO,SNO,Nok Air,DD,15:45,17:00,1ชม.15นาที,Direct,901,฿901,2026-01-26 13:54:50,airpaz.com
2026-03-17,BKKA,DMK,SNO,SNO,Nok Air,DD,6:05,7:20,1ชม.15นาที,Direct,868,฿868,2026-01-26 13:55:51,airpaz.com
2026-03-17,BKKA,DMK,SNO,SNO,Nok Air,DD,15:45,17:00,1ชม.15นาที,Direct,901,฿901,2026-01-26 13:55:51,airpaz.com
2026-03-18,BKKA,DMK,SNO,SNO,Nok Air,DD,6:05,7:20,1ชม.15นาที,Direct,868,฿868,2026-01-26 13:56:19,airpaz.com
2026-03-18,BKKA,DMK,SNO,SNO,Nok Air,DD,15:45,17:00,1ชม.15นาที,Direct,901,฿901,2026-01-26 13:56:19,airpaz.com
2026-03-18,BKKA,DMK,SNO,SNO,Thai AirAsia,FD,6:50,8:05,1ชม.15นาที,Direct,968,฿968,2026-01-26 13:56:19,airpaz.com
2026-03-18,BKKA,DMK,SNO,SNO,Thai AirAsia,FD,13:15,14:35,1ชม.20นาที,Direct,984,฿984,2026-01-26 13:56:19,airpaz.com
2026-03-19,BKKA,DMK,SNO,SNO,Nok Air,DD,6:05,7:20,1ชม.15นาที,Direct,868,฿868,2026-01-26 13:56:49,airpaz.com
2026-03-19,BKKA,DMK,SNO,SNO,Thai AirAsia,FD,6:50,8:05,1ชม.15นาที,Direct,968,฿968,2026-01-26 13:56:49,airpaz.com
2026-03-19,BKKA,DMK,SNO,SNO,Thai AirAsia,FD,13:15,14:35,1ชม.20นาที,Direct,984,฿984,2026-01-26 13:56:49,airpaz.com
2026-03-20,BKKA,DMK,SNO,SNO,Nok Air,DD,6:05,7:20,1ชม.15นาที,Direct,868,฿868,2026-01-26 13:57:18,airpaz.com
2026-03-20,BKKA,DMK,SNO,SNO,Nok Air,DD,15:45,17:00,1ชม.15นาที,Direct,901,฿901,2026-01-26 13:57:18,airpaz.com
2026-03-20,BKKA,DMK,SNO,SNO,Thai AirAsia,FD,6:50,8:05,1ชม.15นาที,Direct,968,฿968,2026-01-26 13:57:18,airpaz.com
2026-03-20,BKKA,DMK,SNO,SNO,Thai AirAsia,FD,13:15,14:35,1ชม.20นาที,Direct,984,฿984,2026-01-26 13:57:18,airpaz.com
2026-03-21,BKKA,DMK,SNO,SNO,Nok Air,DD,6:05,7:20,1ชม.15นาที,Direct,868,฿868,2026-01-26 13:57:46,airpaz.com
2026-03-21,BKKA,DMK,SNO,SNO,Thai AirAsia,FD,13:15,14:35,1ชม.20นาที,Direct,984,฿984,2026-01-26 13:57:46,airpaz.com
2026-03-21,BKKA,DMK,SNO,SNO,Thai AirAsia,FD,6:50,8:05,1ชม.15นาที,Direct,1258,"฿1,258",2026-01-26 13:57:46,airpaz.com
2026-03-22,BKKA,DMK,SNO,SNO,Nok Air,DD,6:05,7:20,1ชม.15นาที,Direct,868,฿868,2026-01-26 13:58:15,airpaz.com
2026-03-22,BKKA,DMK,SNO,SNO,Nok Air,DD,15:45,17:00,1ชม.15นาที,Direct,901,฿901,2026-01-26 13:58:15,airpaz.com
2026-03-22,BKKA,DMK,SNO,SNO,Thai AirAsia,FD,6:50,8:05,1ชม.15นาที,Direct,968,฿968,2026-01-26 13:58:15,airpaz.com
2026-03-23,BKKA,DMK,SNO,SNO,Nok Air,DD,6:05,7:20,1ชม.15นาที,Direct,868,฿868,2026-01-26 13:58:44,airpaz.com
2026-03-23,BKKA,DMK,SNO,SNO,Nok Air,DD,15:45,17:00,1ชม.15นาที,Direct,901,฿901,2026-01-26 13:58:44,airpaz.com
2026-03-23,BKKA,DMK,SNO,SNO,Thai AirAsia,FD,6:50,8:05,1ชม.15นาที,Direct,968,฿968,2026-01-26 13:58:44,airpaz.com
2026-03-23,BKKA,DMK,SNO,SNO,Thai AirAsia,FD,13:15,14:35,1ชม.20นาที,Direct,984,฿984,2026-01-26 13:58:44,airpaz.com
2026-03-24,BKKA,DMK,SNO,SNO,Nok Air,DD,6:05,7:20,1ชม.15นาที,Direct,868,฿868,2026-01-26 13:59:13,airpaz.com
2026-03-24,BKKA,DMK,SNO,SNO,Thai AirAsia,FD,6:50,8:05,1ชม.15นาที,Direct,968,฿968,2026-01-26 13:59:13,airpaz.com
2026-03-24,BKKA,DMK,SNO,SNO,Thai AirAsia,FD,13:15,14:35,1ชม.20นาที,Direct,984,฿984,2026-01-26 13:59:13,airpaz.com
2026-03-25,BKKA,DMK,SNO,SNO,Nok Air,DD,6:05,7:20,1ชม.15นาที,Direct,868,฿868,2026-01-26 13:59:42,airpaz.com
2026-03-25,BKKA,DMK,SNO,SNO,Nok Air,DD,15:45,17:00,1ชม.15นาที,Direct,901,฿901,2026-01-26 13:59:42,airpaz.com
2026-03-25,BKKA,DMK,SNO,SNO,Thai AirAsia,FD,6:50,8:05,1ชม.15นาที,Direct,968,฿968,2026-01-26 13:59:42,airpaz.com
2026-03-25,BKKA,DMK,SNO,SNO,Thai AirAsia,FD,13:15,14:35,1ชม.20นาที,Direct,984,฿984,2026-01-26 13:59:42,airpaz.com
2026-03-26,BKKA,DMK,SNO,SNO,Nok Air,DD,6:05,7:20,1ชม.15นาที,Direct,868,฿868,2026-01-26 14:00:11,airpaz.com
2026-03-26,BKKA,DMK,SNO,SNO,Thai AirAsia,FD,13:15,14:35,1ชม.20นาที,Direct,984,฿984,2026-01-26 14:00:11,airpaz.com
2026-03-26,BKKA,DMK,SNO,SNO,Thai AirAsia,FD,6:50,8:05,1ชม.15นาที,Direct,1161,"฿1,161",2026-01-26 14:00:11,airpaz.com
2026-03-27,BKKA,DMK,SNO,SNO,Nok Air,DD,6:05,7:20,1ชม.15นาที,Direct,868,฿868,2026-01-26 14:00:39,airpaz.com
2026-03-27,BKKA,DMK,SNO,SNO,Nok Air,DD,15:45,17:00,1ชม.15นาที,Direct,901,฿901,2026-01-26 14:00:39,airpaz.com
2026-03-27,BKKA,DMK,SNO,SNO,Thai AirAsia,FD,6:50,8:05,1ชม.15นาที,Direct,968,฿968,2026-01-26 14:00:39,airpaz.com
2026-03-27,BKKA,DMK,SNO,SNO,Thai AirAsia,FD,13:15,14:35,1ชม.20นาที,Direct,984,฿984,2026-01-26 14:00:39,airpaz.com
2026-03-28,BKKA,DMK,SNO,SNO,Nok Air,DD,6:05,7:20,1ชม.15นาที,Direct,868,฿868,2026-01-26 14:01:08,airpaz.com
2026-03-28,BKKA,DMK,SNO,SNO,Thai AirAsia,FD,13:15,14:35,1ชม.20นาที,Direct,1179,"฿1,179",2026-01-26 14:01:08,airpaz.com
2026-03-28,BKKA,DMK,SNO,SNO,Thai AirAsia,FD,6:50,8:05,1ชม.15นาที,Direct,1258,"฿1,258",2026-01-26 14:01:08,airpaz.com
2026-03-29,BKKA,DMK,SNO,SNO,Nok Air,DD,13:30,14:45,1ชม.15นาที,Direct,859,฿859,2026-01-26 14:01:36,airpaz.com
2026-03-29,BKKA,DMK,SNO,SNO,Nok Air,DD,7:15,8:30,1ชม.15นาที,Direct,868,฿868,2026-01-26 14:01:36,airpaz.com
2026-03-29,BKKA,DMK,SNO,SNO,Thai AirAsia,FD,7:30,8:40,1ชม.10นาที,Direct,968,฿968,2026-01-26 14:01:36,airpaz.com
2026-03-29,BKKA,DMK,SNO,SNO,Thai AirAsia,FD,13:35,14:50,1ชม.15นาที,Direct,984,฿984,2026-01-26 14:01:36,airpaz.com
2026-03-30,BKKA,DMK,SNO,SNO,Nok Air,DD,13:30,14:45,1ชม.15นาที,Direct,859,฿859,2026-01-26 14:02:05,airpaz.com
2026-03-30,BKKA,DMK,SNO,SNO,Nok Air,DD,7:15,8:30,1ชม.15นาที,Direct,868,฿868,2026-01-26 14:02:05,airpaz.com
2026-03-30,BKKA,DMK,SNO,SNO,Thai AirAsia,FD,13:35,14:50,1ชม.15นาที,Direct,984,฿984,2026-01-26 14:02:05,airpaz.com
2026-03-30,BKKA,DMK,SNO,SNO,Thai AirAsia,FD,7:30,8:40,1ชม.10นาที,Direct,1161,"฿1,161",2026-01-26 14:02:05,airpaz.com
2026-03-31,BKKA,DMK,SNO,SNO,Nok Air,DD,13:30,14:45,1ชม.15นาที,Direct,859,฿859,2026-01-26 14:02:33,airpaz.com
2026-03-31,BKKA,DMK,SNO,SNO,Nok Air,DD,6:30,7:45,1ชม.15นาที,Direct,868,฿868,2026-01-26 14:02:33,airpaz.com
2026-03-31,BKKA,DMK,SNO,SNO,Thai AirAsia,FD,7:30,8:40,1ชม.10นาที,Direct,968,฿968,2026-01-26 14:02:33,airpaz.com
2026-03-31,BKKA,DMK,SNO,SNO,Thai AirAsia,FD,13:35,14:50,1ชม.15นาที,Direct,984,฿984,2026-01-26 14:02:33,airpaz.com
2026-04-01,BKKA,DMK,SNO,SNO,Nok Air,DD,13:30,14:45,1ชม.15นาที,Direct,907,฿907,2026-01-26 14:03:03,airpaz.com
2026-04-01,BKKA,DMK,SNO,SNO,Nok Air,DD,7:15,8:30,1ชม.15นาที,Direct,917,฿917,2026-01-26 14:03:03,airpaz.com
2026-04-01,BKKA,DMK,SNO,SNO,Thai AirAsia,FD,7:30,8:40,1ชม.10นาที,Direct,968,฿968,2026-01-26 14:03:03,airpaz.com
2026-04-01,BKKA,DMK,SNO,SNO,Thai AirAsia,FD,13:35,14:50,1ชม.15นาที,Direct,984,฿984,2026-01-26 14:03:03,airpaz.com
2026-04-02,BKKA,DMK,SNO,SNO,Nok Air,DD,6:30,7:45,1ชม.15นาที,Direct,917,฿917,2026-01-26 14:03:31,airpaz.com
2026-04-02,BKKA,DMK,SNO,SNO,Thai AirAsia,FD,7:30,8:40,1ชม.10นาที,Direct,968,฿968,2026-01-26 14:03:32,airpaz.com
2026-04-02,BKKA,DMK,SNO,SNO,Thai AirAsia,FD,13:35,14:50,1ชม.15นาที,Direct,984,฿984,2026-01-26 14:03:32,airpaz.com
2026-04-02,BKKA,DMK,SNO,SNO,Nok Air,DD,13:30,14:45,1ชม.15นาที,Direct,1050,"฿1,050",2026-01-26 14:03:32,airpaz.com
2026-04-03,BKKA,DMK,SNO,SNO,Thai AirAsia,FD,13:35,14:50,1ชม.15นาที,Direct,984,฿984,2026-01-26 14:04:00,airpaz.com
2026-04-03,BKKA,DMK,SNO,SNO,Nok Air,DD,13:30,14:45,1ชม.15นาที,Direct,1050,"฿1,050",2026-01-26 14:04:00,airpaz.com
2026-04-03,BKKA,DMK,SNO,SNO,Nok Air,DD,7:15,8:30,1ชม.15นาที,Direct,1061,"฿1,061",2026-01-26 14:04:00,airpaz.com
2026-04-03,BKKA,DMK,SNO,SNO,Thai AirAsia,FD,7:30,8:40,1ชม.10นาที,Direct,1744,"฿1,744",2026-01-26 14:04:01,airpaz.com
2026-04-04,BKKA,DMK,SNO,SNO,Thai AirAsia,FD,13:35,14:50,1ชม.15นาที,Direct,1279,"฿1,279",2026-01-26 14:04:29,airpaz.com
2026-04-04,BKKA,DMK,SNO,SNO,Nok Air,DD,6:30,7:45,1ชม.15นาที,Direct,1302,"฿1,302",2026-01-26 14:04:29,airpaz.com
2026-04-04,BKKA,DMK,SNO,SNO,Thai AirAsia,FD,7:30,8:40,1ชม.10นาที,Direct,1744,"฿1,744",2026-01-26 14:04:29,airpaz.com
2026-04-04,BKKA,DMK,SNO,SNO,Nok Air,DD,13:30,14:45,1ชม.15นาที,Direct,2337,"฿2,337",2026-01-26 14:04:30,airpaz.com
2026-04-05,BKKA,DMK,SNO,SNO,Nok Air,DD,13:30,14:45,1ชม.15นาที,Direct,1288,"฿1,288",2026-01-26 14:04:59,airpaz.com
2026-04-05,BKKA,DMK,SNO,SNO,Nok Air,DD,7:15,8:30,1ชม.15นาที,Direct,1302,"฿1,302",2026-01-26 14:04:59,airpaz.com
2026-04-05,BKKA,DMK,SNO,SNO,Thai AirAsia,FD,7:30,8:40,1ชม.10นาที,Direct,1744,"฿1,744",2026-01-26 14:04:59,airpaz.com
2026-04-05,BKKA,DMK,SNO,SNO,Thai AirAsia,FD,13:35,14:50,1ชม.15นาที,Direct,1772,"฿1,772",2026-01-26 14:04:59,airpaz.com
2026-04-06,BKKA,DMK,SNO,SNO,Nok Air,DD,7:15,8:30,1ชม.15นาที,Direct,1302,"฿1,302",2026-01-26 14:05:27,airpaz.com
2026-04-06,BKKA,DMK,SNO,SNO,Nok Air,DD,13:30,14:45,1ชม.15นาที,Direct,1526,"฿1,526",2026-01-26 14:05:27,airpaz.com
2026-04-06,BKKA,DMK,SNO,SNO,Thai AirAsia,FD,7:30,8:40,1ชม.10นาที,Direct,1744,"฿1,744",2026-01-26 14:05:28,airpaz.com
2026-04-06,BKKA,DMK,SNO,SNO,Thai AirAsia,FD,13:35,14:50,1ชม.15นาที,Direct,1772,"฿1,772",2026-01-26 14:05:28,airpaz.com
2026-04-07,BKKA,DMK,SNO,SNO,Thai AirAsia,FD,13:35,14:50,1ชม.15นาที,Direct,1279,"฿1,279",2026-01-26 14:05:56,airpaz.com
2026-04-07,BKKA,DMK,SNO,SNO,Nok Air,DD,6:30,7:45,1ชม.15นาที,Direct,1302,"฿1,302",2026-01-26 14:05:56,airpaz.com
2026-04-07,BKKA,DMK,SNO,SNO,Nok Air,DD,13:30,14:45,1ชม.15นาที,Direct,1526,"฿1,526",2026-01-26 14:05:56,airpaz.com
2026-04-07,BKKA,DMK,SNO,SNO,Thai AirAsia,FD,7:30,8:40,1ชม.10นาที,Direct,1744,"฿1,744",2026-01-26 14:05:56,airpaz.com
2026-04-08,BKKA,DMK,SNO,SNO,Nok Air,DD,13:30,14:45,1ชม.15นาที,Direct,1526,"฿1,526",2026-01-26 14:06:24,airpaz.com
2026-04-08,BKKA,DMK,SNO,SNO,Nok Air,DD,7:15,8:30,1ชม.15นาที,Direct,1543,"฿1,543",2026-01-26 14:06:24,airpaz.com
2026-04-08,BKKA,DMK,SNO,SNO,Thai AirAsia,FD,7:30,8:40,1ชม.10นาที,Direct,1744,"฿1,744",2026-01-26 14:06:24,airpaz.com
2026-04-08,BKKA,DMK,SNO,SNO,Thai AirAsia,FD,13:35,14:50,1ชม.15นาที,Direct,1772,"฿1,772",2026-01-26 14:06:24,airpaz.com
2026-04-09,BKKA,DMK,SNO,SNO,Nok Air,DD,6:30,7:45,1ชม.15นาที,Direct,1543,"฿1,543",2026-01-26 14:06:53,airpaz.com
2026-04-09,BKKA,DMK,SNO,SNO,Thai AirAsia,FD,7:30,8:40,1ชม.10นาที,Direct,1744,"฿1,744",2026-01-26 14:06:53,airpaz.com
2026-04-09,BKKA,DMK,SNO,SNO,Nok Air,DD,13:30,14:45,1ชม.15นาที,Direct,1765,"฿1,765",2026-01-26 14:06:53,airpaz.com
2026-04-09,BKKA,DMK,SNO,SNO,Thai AirAsia,FD,13:35,14:50,1ชม.15นาที,Direct,1772,"฿1,772",2026-01-26 14:06:53,airpaz.com
2026-04-10,BKKA,DMK,SNO,SNO,Thai AirAsia,FD,13:35,14:50,1ชม.15นาที,Direct,2096,"฿2,096",2026-01-26 14:07:21,airpaz.com
2026-04-10,BKKA,DMK,SNO,SNO,Thai AirAsia,FD,7:30,8:40,1ชม.10นาที,Direct,2382,"฿2,382",2026-01-26 14:07:21,airpaz.com
2026-04-11,BKKA,DMK,SNO,SNO,Thai AirAsia,FD,13:35,14:50,1ชม.15นาที,Direct,2745,"฿2,745",2026-01-26 14:09:15,airpaz.com
2026-04-11,BKKA,DMK,SNO,SNO,Nok Air,DD,6:30,7:45,1ชม.15นาที,Direct,2989,"฿2,989",2026-01-26 14:09:15,airpaz.com
2026-04-11,BKKA,DMK,SNO,SNO,Thai AirAsia,FD,7:30,8:40,1ชม.10นาที,Direct,3020,"฿3,020",2026-01-26 14:09:15,airpaz.com
2026-04-11,BKKA,DMK,SNO,SNO,Nok Air,DD,13:30,14:45,1ชม.15นาที,Direct,3338,"฿3,338",2026-01-26 14:09:15,airpaz.com
2026-04-12,BKKA,DMK,SNO,SNO,Thai AirAsia,FD,13:35,14:50,1ชม.15นาที,Direct,2421,"฿2,421",2026-01-26 14:09:43,airpaz.com
2026-04-12,BKKA,DMK,SNO,SNO,Nok Air,DD,7:15,8:30,1ชม.15นาที,Direct,2651,"฿2,651",2026-01-26 14:09:44,airpaz.com
2026-04-12,BKKA,DMK,SNO,SNO,Thai AirAsia,FD,7:30,8:40,1ชม.10นาที,Direct,2701,"฿2,701",2026-01-26 14:09:44,airpaz.com
2026-04-12,BKKA,DMK,SNO,SNO,Nok Air,DD,13:30,14:45,1ชม.15นาที,Direct,2957,"฿2,957",2026-01-26 14:09:44,airpaz.com
2026-04-13,BKKA,DMK,SNO,SNO,Thai AirAsia,FD,13:35,14:50,1ชม.15นาที,Direct,2096,"฿2,096",2026-01-26 14:10:13,airpaz.com
2026-04-13,BKKA,DMK,SNO,SNO,Nok Air,DD,7:15,8:30,1ชม.15นาที,Direct,2362,"฿2,362",2026-01-26 14:10:13,airpaz.com
2026-04-13,BKKA,DMK,SNO,SNO,Thai AirAsia,FD,7:30,8:40,1ชม.10นาที,Direct,2382,"฿2,382",2026-01-26 14:10:13,airpaz.com
2026-04-13,BKKA,DMK,SNO,SNO,Nok Air,DD,13:30,14:45,1ชม.15นาที,Direct,2623,"฿2,623",2026-01-26 14:10:13,airpaz.com
2026-04-14,BKKA,DMK,SNO,SNO,Thai AirAsia,FD,13:35,14:50,1ชม.15นาที,Direct,2096,"฿2,096",2026-01-26 14:10:16,airpaz.com
2026-04-14,BKKA,DMK,SNO,SNO,Nok Air,DD,7:15,8:30,1ชม.15นาที,Direct,2362,"฿2,362",2026-01-26 14:10:16,airpaz.com
2026-04-14,BKKA,DMK,SNO,SNO,Thai AirAsia,FD,7:30,8:40,1ชม.10นาที,Direct,2382,"฿2,382",2026-01-26 14:10:16,airpaz.com
2026-04-14,BKKA,DMK,SNO,SNO,Nok Air,DD,13:30,14:45,1ชม.15นาที,Direct,2623,"฿2,623",2026-01-26 14:10:16,airpaz.com
2026-04-15,BKKA,DMK,SNO,SNO,Thai AirAsia,FD,7:30,8:40,1ชม.10นาที,Direct,1744,"฿1,744",2026-01-26 14:10:46,airpaz.com
2026-04-15,BKKA,DMK,SNO,SNO,Thai AirAsia,FD,13:35,14:50,1ชม.15นาที,Direct,1772,"฿1,772",2026-01-26 14:10:46,airpaz.com
2026-04-16,BKKA,DMK,SNO,SNO,Nok Air,DD,7:15,8:30,1ชม.15นาที,Direct,1061,"฿1,061",2026-01-26 14:10:48,airpaz.com
2026-04-16,BKKA,DMK,SNO,SNO,Nok Air,DD,13:30,14:45,1ชม.15นาที,Direct,1526,"฿1,526",2026-01-26 14:10:48,airpaz.com
2026-04-16,BKKA,DMK,SNO,SNO,Thai AirAsia,FD,7:30,8:40,1ชม.10นาที,Direct,1744,"฿1,744",2026-01-26 14:10:48,airpaz.com
2026-04-16,BKKA,DMK,SNO,SNO,Thai AirAsia,FD,13:35,14:50,1ชม.15นาที,Direct,1772,"฿1,772",2026-01-26 14:10:48,airpaz.com
2026-04-17,BKKA,DMK,SNO,SNO,Nok Air,DD,13:30,14:45,1ชม.15นาที,Direct,1288,"฿1,288",2026-01-26 14:11:17,airpaz.com
2026-04-17,BKKA,DMK,SNO,SNO,Nok Air,DD,7:15,8:30,1ชม.15นาที,Direct,1302,"฿1,302",2026-01-26 14:11:17,airpaz.com
2026-04-17,BKKA,DMK,SNO,SNO,Thai AirAsia,FD,7:30,8:40,1ชม.10นาที,Direct,1744,"฿1,744",2026-01-26 14:11:17,airpaz.com
2026-04-17,BKKA,DMK,SNO,SNO,Thai AirAsia,FD,13:35,14:50,1ชม.15นาที,Direct,1772,"฿1,772",2026-01-26 14:11:17,airpaz.com
2026-04-18,BKKA,DMK,SNO,SNO,Nok Air,DD,6:30,7:45,1ชม.15นาที,Direct,1061,"฿1,061",2026-01-26 14:11:46,airpaz.com
2026-04-18,BKKA,DMK,SNO,SNO,Nok Air,DD,13:30,14:45,1ชม.15นาที,Direct,1526,"฿1,526",2026-01-26 14:11:46,airpaz.com
2026-04-18,BKKA,DMK,SNO,SNO,Thai AirAsia,FD,7:30,8:40,1ชม.10นาที,Direct,1744,"฿1,744",2026-01-26 14:11:46,airpaz.com
2026-04-18,BKKA,DMK,SNO,SNO,Thai AirAsia,FD,13:35,14:50,1ชม.15นาที,Direct,1772,"฿1,772",2026-01-26 14:11:46,airpaz.com
2026-04-19,BKKA,DMK,SNO,SNO,Nok Air,DD,7:15,8:30,1ชม.15นาที,Direct,1061,"฿1,061",2026-01-26 14:12:15,airpaz.com
2026-04-19,BKKA,DMK,SNO,SNO,Nok Air,DD,13:30,14:45,1ชม.15นาที,Direct,1288,"฿1,288",2026-01-26 14:12:15,airpaz.com
2026-04-19,BKKA,DMK,SNO,SNO,Thai AirAsia,FD,7:30,8:40,1ชม.10นาที,Direct,1744,"฿1,744",2026-01-26 14:12:15,airpaz.com
2026-04-19,BKKA,DMK,SNO,SNO,Thai AirAsia,FD,13:35,14:50,1ชม.15นาที,Direct,1772,"฿1,772",2026-01-26 14:12:16,airpaz.com
2026-04-20,BKKA,DMK,SNO,SNO,Thai AirAsia,FD,7:30,8:40,1ชม.10นาที,Direct,968,฿968,2026-01-26 14:12:44,airpaz.com
2026-04-20,BKKA,DMK,SNO,SNO,Thai AirAsia,FD,13:35,14:50,1ชม.15นาที,Direct,984,฿984,2026-01-26 14:12:44,airpaz.com
2026-04-20,BKKA,DMK,SNO,SNO,Nok Air,DD,7:15,8:30,1ชม.15นาที,Direct,1061,"฿1,061",2026-01-26 14:12:45,airpaz.com
2026-04-20,BKKA,DMK,SNO,SNO,Nok Air,DD,13:30,14:45,1ชม.15นาที,Direct,1288,"฿1,288",2026-01-26 14:12:45,airpaz.com
2026-04-21,BKKA,DMK,SNO,SNO,Thai AirAsia,FD,7:30,8:40,1ชม.10นาที,Direct,968,฿968,2026-01-26 14:13:13,airpaz.com
2026-04-21,BKKA,DMK,SNO,SNO,Thai AirAsia,FD,13:35,14:50,1ชม.15นาที,Direct,984,฿984,2026-01-26 14:13:13,airpaz.com
2026-04-21,BKKA,DMK,SNO,SNO,Nok Air,DD,13:30,14:45,1ชม.15นาที,Direct,1050,"฿1,050",2026-01-26 14:13:13,airpaz.com
2026-04-21,BKKA,DMK,SNO,SNO,Nok Air,DD,6:30,7:45,1ชม.15นาที,Direct,1061,"฿1,061",2026-01-26 14:13:13,airpaz.com
2026-04-22,BKKA,DMK,SNO,SNO,Thai AirAsia,FD,7:30,8:40,1ชม.10นาที,Direct,968,฿968,2026-01-26 14:13:42,airpaz.com
2026-04-22,BKKA,DMK,SNO,SNO,Thai AirAsia,FD,13:35,14:50,1ชม.15นาที,Direct,984,฿984,2026-01-26 14:13:42,airpaz.com
2026-04-22,BKKA,DMK,SNO,SNO,Nok Air,DD,13:30,14:45,1ชม.15นาที,Direct,1050,"฿1,050",2026-01-26 14:13:42,airpaz.com
2026-04-22,BKKA,DMK,SNO,SNO,Nok Air,DD,7:15,8:30,1ชม.15นาที,Direct,1061,"฿1,061",2026-01-26 14:13:42,airpaz.com
2026-04-23,BKKA,DMK,SNO,SNO,Thai AirAsia,FD,7:30,8:40,1ชม.10นาที,Direct,968,฿968,2026-01-26 14:14:11,airpaz.com
2026-04-23,BKKA,DMK,SNO,SNO,Thai AirAsia,FD,13:35,14:50,1ชม.15นาที,Direct,984,฿984,2026-01-26 14:14:11,airpaz.com
2026-04-23,BKKA,DMK,SNO,SNO,Nok Air,DD,13:30,14:45,1ชม.15นาที,Direct,1050,"฿1,050",2026-01-26 14:14:11,airpaz.com
2026-04-23,BKKA,DMK,SNO,SNO,Nok Air,DD,6:30,7:45,1ชม.15นาที,Direct,1061,"฿1,061",2026-01-26 14:14:11,airpaz.com
2026-04-24,BKKA,DMK,SNO,SNO,Thai AirAsia,FD,7:30,8:40,1ชม.10นาที,Direct,968,฿968,2026-01-26 14:14:39,airpaz.com
2026-04-24,BKKA,DMK,SNO,SNO,Thai AirAsia,FD,13:35,14:50,1ชม.15นาที,Direct,984,฿984,2026-01-26 14:14:39,airpaz.com
2026-04-24,BKKA,DMK,SNO,SNO,Nok Air,DD,13:30,14:45,1ชม.15นาที,Direct,1050,"฿1,050",2026-01-26 14:14:39,airpaz.com
2026-04-24,BKKA,DMK,SNO,SNO,Nok Air,DD,7:15,8:30,1ชม.15นาที,Direct,1061,"฿1,061",2026-01-26 14:14:40,airpaz.com
2026-04-25,BKKA,DMK,SNO,SNO,Thai AirAsia,FD,7:30,8:40,1ชม.10นาที,Direct,968,฿968,2026-01-26 14:15:08,airpaz.com
2026-04-25,BKKA,DMK,SNO,SNO,Thai AirAsia,FD,13:35,14:50,1ชม.15นาที,Direct,984,฿984,2026-01-26 14:15:08,airpaz.com
2026-04-25,BKKA,DMK,SNO,SNO,Nok Air,DD,13:30,14:45,1ชม.15นาที,Direct,1050,"฿1,050",2026-01-26 14:15:08,airpaz.com
2026-04-25,BKKA,DMK,SNO,SNO,Nok Air,DD,6:30,7:45,1ชม.15นาที,Direct,1061,"฿1,061",2026-01-26 14:15:08,airpaz.com
2026-04-26,BKKA,DMK,SNO,SNO,Thai AirAsia,FD,7:30,8:40,1ชม.10นาที,Direct,968,฿968,2026-01-26 14:15:36,airpaz.com
2026-04-26,BKKA,DMK,SNO,SNO,Thai AirAsia,FD,13:35,14:50,1ชม.15นาที,Direct,984,฿984,2026-01-26 14:15:36,airpaz.com
2026-04-26,BKKA,DMK,SNO,SNO,Nok Air,DD,13:30,14:45,1ชม.15นาที,Direct,1050,"฿1,050",2026-01-26 14:15:37,airpaz.com
2026-04-26,BKKA,DMK,SNO,SNO,Nok Air,DD,7:15,8:30,1ชม.15นาที,Direct,1061,"฿1,061",2026-01-26 14:15:37,airpaz.com
2026-04-27,BKKA,DMK,SNO,SNO,Thai AirAsia,FD,7:30,8:40,1ชม.10นาที,Direct,968,฿968,2026-01-26 14:16:05,airpaz.com
2026-04-27,BKKA,DMK,SNO,SNO,Thai AirAsia,FD,13:35,14:50,1ชม.15นาที,Direct,984,฿984,2026-01-26 14:16:05,airpaz.com
2026-04-27,BKKA,DMK,SNO,SNO,Nok Air,DD,13:30,14:45,1ชม.15นาที,Direct,1050,"฿1,050",2026-01-26 14:16:05,airpaz.com
2026-04-27,BKKA,DMK,SNO,SNO,Nok Air,DD,7:15,8:30,1ชม.15นาที,Direct,1061,"฿1,061",2026-01-26 14:16:05,airpaz.com
2026-04-28,BKKA,DMK,SNO,SNO,Thai AirAsia,FD,7:30,8:40,1ชม.10นาที,Direct,968,฿968,2026-01-26 14:16:33,airpaz.com
2026-04-28,BKKA,DMK,SNO,SNO,Thai AirAsia,FD,13:35,14:50,1ชม.15นาที,Direct,984,฿984,2026-01-26 14:16:33,airpaz.com
2026-04-28,BKKA,DMK,SNO,SNO,Nok Air,DD,13:30,14:45,1ชม.15นาที,Direct,1050,"฿1,050",2026-01-26 14:16:33,airpaz.com
2026-04-28,BKKA,DMK,SNO,SNO,Nok Air,DD,6:30,7:45,1ชม.15นาที,Direct,1061,"฿1,061",2026-01-26 14:16:33,airpaz.com
2026-04-29,BKKA,DMK,SNO,SNO,Thai AirAsia,FD,7:30,8:40,1ชม.10นาที,Direct,968,฿968,2026-01-26 14:17:02,airpaz.com
2026-04-29,BKKA,DMK,SNO,SNO,Thai AirAsia,FD,13:35,14:50,1ชม.15นาที,Direct,984,฿984,2026-01-26 14:17:02,airpaz.com
2026-04-29,BKKA,DMK,SNO,SNO,Nok Air,DD,13:30,14:45,1ชม.15นาที,Direct,1050,"฿1,050",2026-01-26 14:17:02,airpaz.com
2026-04-29,BKKA,DMK,SNO,SNO,Nok Air,DD,7:15,8:30,1ชม.15นาที,Direct,1061,"฿1,061",2026-01-26 14:17:02,airpaz.com
2026-04-30,BKKA,DMK,SNO,SNO,Thai AirAsia,FD,7:30,8:40,1ชม.10นาที,Direct,968,฿968,2026-01-26 14:17:30,airpaz.com
2026-04-30,BKKA,DMK,SNO,SNO,Thai AirAsia,FD,13:35,14:50,1ชม.15นาที,Direct,984,฿984,2026-01-26 14:17:30,airpaz.com
2026-05-01,BKKA,DMK,SNO,SNO,Thai AirAsia,FD,7:30,8:40,1ชม.10นาที,Direct,968,฿968,2026-01-26 14:17:33,airpaz.com
2026-05-01,BKKA,DMK,SNO,SNO,Thai AirAsia,FD,13:35,14:50,1ชม.15นาที,Direct,984,฿984,2026-01-26 14:17:33,airpaz.com
2026-05-01,BKKA,DMK,SNO,SNO,Nok Air,DD,13:30,14:45,1ชม.15นาที,Direct,1050,"฿1,050",2026-01-26 14:17:33,airpaz.com
2026-05-01,BKKA,DMK,SNO,SNO,Nok Air,DD,6:30,7:45,1ชม.15นาที,Direct,1061,"฿1,061",2026-01-26 14:17:33,airpaz.com
2026-05-02,BKKA,DMK,SNO,SNO,Nok Air,DD,13:30,14:45,1ชม.15นาที,Direct,907,฿907,2026-01-26 14:18:02,airpaz.com
2026-05-02,BKKA,DMK,SNO,SNO,Nok Air,DD,6:30,7:45,1ชม.15นาที,Direct,917,฿917,2026-01-26 14:18:02,airpaz.com
2026-05-02,BKKA,DMK,SNO,SNO,Thai AirAsia,FD,7:30,8:40,1ชม.10นาที,Direct,968,฿968,2026-01-26 14:18:02,airpaz.com
2026-05-02,BKKA,DMK,SNO,SNO,Thai AirAsia,FD,13:35,14:50,1ชม.15นาที,Direct,1279,"฿1,279",2026-01-26 14:18:02,airpaz.com
2026-05-03,BKKA,DMK,SNO,SNO,Nok Air,DD,7:15,8:30,1ชม.15นาที,Direct,917,฿917,2026-01-26 14:18:31,airpaz.com
2026-05-03,BKKA,DMK,SNO,SNO,Thai AirAsia,FD,7:30,8:40,1ชม.10นาที,Direct,968,฿968,2026-01-26 14:18:31,airpaz.com
2026-05-03,BKKA,DMK,SNO,SNO,Nok Air,DD,13:30,14:45,1ชม.15นาที,Direct,1050,"฿1,050",2026-01-26 14:18:31,airpaz.com
2026-05-03,BKKA,DMK,SNO,SNO,Thai AirAsia,FD,13:35,14:50,1ชม.15นาที,Direct,1279,"฿1,279",2026-01-26 14:18:31,airpaz.com
2026-05-04,BKKA,DMK,SNO,SNO,Nok Air,DD,7:15,8:30,1ชม.15นาที,Direct,917,฿917,2026-01-26 14:19:01,airpaz.com
2026-05-04,BKKA,DMK,SNO,SNO,Thai AirAsia,FD,7:30,8:40,1ชม.10นาที,Direct,968,฿968,2026-01-26 14:19:01,airpaz.com
2026-05-04,BKKA,DMK,SNO,SNO,Nok Air,DD,13:30,14:45,1ชม.15นาที,Direct,1050,"฿1,050",2026-01-26 14:19:01,airpaz.com
2026-05-04,BKKA,DMK,SNO,SNO,Thai AirAsia,FD,13:35,14:50,1ชม.15นาที,Direct,1279,"฿1,279",2026-01-26 14:19:01,airpaz.com
2026-05-05,BKKA,DMK,SNO,SNO,Thai AirAsia,FD,7:30,8:40,1ชม.10นาที,Direct,968,฿968,2026-01-26 14:19:29,airpaz.com
2026-05-05,BKKA,DMK,SNO,SNO,Nok Air,DD,13:30,14:45,1ชม.15นาที,Direct,1050,"฿1,050",2026-01-26 14:19:29,airpaz.com
2026-05-05,BKKA,DMK,SNO,SNO,Nok Air,DD,6:30,7:45,1ชม.15นาที,Direct,1061,"฿1,061",2026-01-26 14:19:29,airpaz.com
2026-05-05,BKKA,DMK,SNO,SNO,Thai AirAsia,FD,13:35,14:50,1ชม.15นาที,Direct,1179,"฿1,179",2026-01-26 14:19:29,airpaz.com
2026-05-06,BKKA,DMK,SNO,SNO,Nok Air,DD,13:30,14:45,1ชม.15นาที,Direct,859,฿859,2026-01-26 14:20:47,airpaz.com
2026-05-06,BKKA,DMK,SNO,SNO,Nok Air,DD,7:15,8:30,1ชม.15นาที,Direct,868,฿868,2026-01-26 14:20:47,airpaz.com
2026-05-06,BKKA,DMK,SNO,SNO,Thai AirAsia,FD,7:30,8:40,1ชม.10นาที,Direct,968,฿968,2026-01-26 14:20:47,airpaz.com
2026-05-06,BKKA,DMK,SNO,SNO,Thai AirAsia,FD,13:35,14:50,1ชม.15นาที,Direct,984,฿984,2026-01-26 14:20:47,airpaz.com
2026-05-07,BKKA,DMK,SNO,SNO,Nok Air,DD,13:30,14:45,1ชม.15นาที,Direct,859,฿859,2026-01-26 14:21:16,airpaz.com
2026-05-07,BKKA,DMK,SNO,SNO,Nok Air,DD,6:30,7:45,1ชม.15นาที,Direct,868,฿868,2026-01-26 14:21:16,airpaz.com
2026-05-07,BKKA,DMK,SNO,SNO,Thai AirAsia,FD,7:30,8:40,1ชม.10นาที,Direct,968,฿968,2026-01-26 14:21:16,airpaz.com
2026-05-07,BKKA,DMK,SNO,SNO,Thai AirAsia,FD,13:35,14:50,1ชม.15นาที,Direct,984,฿984,2026-01-26 14:21:16,airpaz.com
2026-05-08,BKKA,DMK,SNO,SNO,Nok Air,DD,13:30,14:45,1ชม.15นาที,Direct,859,฿859,2026-01-26 14:21:45,airpaz.com
2026-05-08,BKKA,DMK,SNO,SNO,Nok Air,DD,7:15,8:30,1ชม.15นาที,Direct,868,฿868,2026-01-26 14:21:45,airpaz.com
2026-05-08,BKKA,DMK,SNO,SNO,Thai AirAsia,FD,7:30,8:40,1ชม.10นาที,Direct,968,฿968,2026-01-26 14:21:45,airpaz.com
2026-05-08,BKKA,DMK,SNO,SNO,Thai AirAsia,FD,13:35,14:50,1ชม.15นาที,Direct,984,฿984,2026-01-26 14:21:45,airpaz.com
2026-05-09,BKKA,DMK,SNO,SNO,Nok Air,DD,13:30,14:45,1ชม.15นาที,Direct,859,฿859,2026-01-26 14:22:13,airpaz.com
2026-05-09,BKKA,DMK,SNO,SNO,Nok Air,DD,6:30,7:45,1ชม.15นาที,Direct,868,฿868,2026-01-26 14:22:14,airpaz.com
2026-05-09,BKKA,DMK,SNO,SNO,Thai AirAsia,FD,7:30,8:40,1ชม.10นาที,Direct,968,฿968,2026-01-26 14:22:14,airpaz.com
2026-05-09,BKKA,DMK,SNO,SNO,Thai AirAsia,FD,13:35,14:50,1ชม.15นาที,Direct,984,฿984,2026-01-26 14:22:14,airpaz.com
2026-05-10,BKKA,DMK,SNO,SNO,Nok Air,DD,13:30,14:45,1ชม.15นาที,Direct,859,฿859,2026-01-26 14:22:42,airpaz.com
2026-05-10,BKKA,DMK,SNO,SNO,Nok Air,DD,7:15,8:30,1ชม.15นาที,Direct,868,฿868,2026-01-26 14:22:42,airpaz.com
2026-05-10,BKKA,DMK,SNO,SNO,Thai AirAsia,FD,7:30,8:40,1ชม.10นาที,Direct,968,฿968,2026-01-26 14:22:42,airpaz.com
2026-05-10,BKKA,DMK,SNO,SNO,Thai AirAsia,FD,13:35,14:50,1ชม.15นาที,Direct,984,฿984,2026-01-26 14:22:42,airpaz.com
2026-05-11,BKKA,DMK,SNO,SNO,Nok Air,DD,13:30,14:45,1ชม.15นาที,Direct,859,฿859,2026-01-26 14:23:11,airpaz.com
2026-05-11,BKKA,DMK,SNO,SNO,Nok Air,DD,7:15,8:30,1ชม.15นาที,Direct,868,฿868,2026-01-26 14:23:11,airpaz.com
2026-05-11,BKKA,DMK,SNO,SNO,Thai AirAsia,FD,7:30,8:40,1ชม.10นาที,Direct,968,฿968,2026-01-26 14:23:11,airpaz.com
2026-05-11,BKKA,DMK,SNO,SNO,Thai AirAsia,FD,13:35,14:50,1ชม.15นาที,Direct,984,฿984,2026-01-26 14:23:11,airpaz.com
2026-05-12,BKKA,DMK,SNO,SNO,Nok Air,DD,13:30,14:45,1ชม.15นาที,Direct,859,฿859,2026-01-26 14:23:40,airpaz.com
2026-05-12,BKKA,DMK,SNO,SNO,Nok Air,DD,6:30,7:45,1ชม.15นาที,Direct,868,฿868,2026-01-26 14:23:40,airpaz.com
2026-05-12,BKKA,DMK,SNO,SNO,Thai AirAsia,FD,7:30,8:40,1ชม.10นาที,Direct,968,฿968,2026-01-26 14:23:40,airpaz.com
2026-05-12,BKKA,DMK,SNO,SNO,Thai AirAsia,FD,13:35,14:50,1ชม.15นาที,Direct,984,฿984,2026-01-26 14:23:40,airpaz.com
2026-05-13,BKKA,DMK,SNO,SNO,Nok Air,DD,13:30,14:45,1ชม.15นาที,Direct,859,฿859,2026-01-26 14:24:09,airpaz.com
2026-05-13,BKKA,DMK,SNO,SNO,Nok Air,DD,7:15,8:30,1ชม.15นาที,Direct,868,฿868,2026-01-26 14:24:09,airpaz.com
2026-05-13,BKKA,DMK,SNO,SNO,Thai AirAsia,FD,7:30,8:40,1ชม.10นาที,Direct,968,฿968,2026-01-26 14:24:09,airpaz.com
2026-05-13,BKKA,DMK,SNO,SNO,Thai AirAsia,FD,13:35,14:50,1ชม.15นาที,Direct,984,฿984,2026-01-26 14:24:09,airpaz.com
2026-05-14,BKKA,DMK,SNO,SNO,Nok Air,DD,13:30,14:45,1ชม.15นาที,Direct,859,฿859,2026-01-26 14:24:38,airpaz.com
2026-05-14,BKKA,DMK,SNO,SNO,Nok Air,DD,6:30,7:45,1ชม.15นาที,Direct,868,฿868,2026-01-26 14:24:38,airpaz.com
2026-05-14,BKKA,DMK,SNO,SNO,Thai AirAsia,FD,7:30,8:40,1ชม.10นาที,Direct,968,฿968,2026-01-26 14:24:38,airpaz.com
2026-05-14,BKKA,DMK,SNO,SNO,Thai AirAsia,FD,13:35,14:50,1ชม.15นาที,Direct,984,฿984,2026-01-26 14:24:38,airpaz.com
2026-05-15,BKKA,DMK,SNO,SNO,Nok Air,DD,13:30,14:45,1ชม.15นาที,Direct,859,฿859,2026-01-26 14:25:07,airpaz.com
2026-05-15,BKKA,DMK,SNO,SNO,Nok Air,DD,7:15,8:30,1ชม.15นาที,Direct,868,฿868,2026-01-26 14:25:07,airpaz.com
2026-05-15,BKKA,DMK,SNO,SNO,Thai AirAsia,FD,7:30,8:40,1ชม.10นาที,Direct,968,฿968,2026-01-26 14:25:07,airpaz.com
2026-05-15,BKKA,DMK,SNO,SNO,Thai AirAsia,FD,13:35,14:50,1ชม.15นาที,Direct,984,฿984,2026-01-26 14:25:07,airpaz.com
2026-05-16,BKKA,DMK,SNO,SNO,Nok Air,DD,13:30,14:45,1ชม.15นาที,Direct,859,฿859,2026-01-26 14:25:36,airpaz.com
2026-05-16,BKKA,DMK,SNO,SNO,Nok Air,DD,6:30,7:45,1ชม.15นาที,Direct,868,฿868,2026-01-26 14:25:36,airpaz.com
2026-05-16,BKKA,DMK,SNO,SNO,Thai AirAsia,FD,7:30,8:40,1ชม.10นาที,Direct,968,฿968,2026-01-26 14:25:36,airpaz.com
2026-05-16,BKKA,DMK,SNO,SNO,Thai AirAsia,FD,13:35,14:50,1ชม.15นาที,Direct,984,฿984,2026-01-26 14:25:36,airpaz.com
2026-05-17,BKKA,DMK,SNO,SNO,Nok Air,DD,13:30,14:45,1ชม.15นาที,Direct,859,฿859,2026-01-26 14:26:05,airpaz.com
2026-05-17,BKKA,DMK,SNO,SNO,Nok Air,DD,7:15,8:30,1ชม.15นาที,Direct,868,฿868,2026-01-26 14:26:05,airpaz.com
2026-05-17,BKKA,DMK,SNO,SNO,Thai AirAsia,FD,7:30,8:40,1ชม.10นาที,Direct,968,฿968,2026-01-26 14:26:05,airpaz.com
2026-05-17,BKKA,DMK,SNO,SNO,Thai AirAsia,FD,13:35,14:50,1ชม.15นาที,Direct,984,฿984,2026-01-26 14:26:05,airpaz.com
2026-05-18,BKKA,DMK,SNO,SNO,Nok Air,DD,13:30,14:45,1ชม.15นาที,Direct,859,฿859,2026-01-26 14:26:34,airpaz.com
2026-05-18,BKKA,DMK,SNO,SNO,Nok Air,DD,7:15,8:30,1ชม.15นาที,Direct,868,฿868,2026-01-26 14:26:34,airpaz.com
2026-05-18,BKKA,DMK,SNO,SNO,Thai AirAsia,FD,7:30,8:40,1ชม.10นาที,Direct,968,฿968,2026-01-26 14:26:34,airpaz.com
2026-05-18,BKKA,DMK,SNO,SNO,Thai AirAsia,FD,13:35,14:50,1ชม.15นาที,Direct,984,฿984,2026-01-26 14:26:34,airpaz.com
2026-05-19,BKKA,DMK,SNO,SNO,Nok Air,DD,13:30,14:45,1ชม.15นาที,Direct,859,฿859,2026-01-26 14:27:03,airpaz.com
2026-05-19,BKKA,DMK,SNO,SNO,Nok Air,DD,6:30,7:45,1ชม.15นาที,Direct,868,฿868,2026-01-26 14:27:03,airpaz.com
2026-05-19,BKKA,DMK,SNO,SNO,Thai AirAsia,FD,7:30,8:40,1ชม.10นาที,Direct,968,฿968,2026-01-26 14:27:03,airpaz.com
2026-05-19,BKKA,DMK,SNO,SNO,Thai AirAsia,FD,13:35,14:50,1ชม.15นาที,Direct,984,฿984,2026-01-26 14:27:03,airpaz.com
2026-05-20,BKKA,DMK,SNO,SNO,Nok Air,DD,13:30,14:45,1ชม.15นาที,Direct,859,฿859,2026-01-26 14:27:32,airpaz.com
2026-05-20,BKKA,DMK,SNO,SNO,Nok Air,DD,7:15,8:30,1ชม.15นาที,Direct,868,฿868,2026-01-26 14:27:32,airpaz.com
2026-05-20,BKKA,DMK,SNO,SNO,Thai AirAsia,FD,7:30,8:40,1ชม.10นาที,Direct,968,฿968,2026-01-26 14:27:32,airpaz.com
2026-05-20,BKKA,DMK,SNO,SNO,Thai AirAsia,FD,13:35,14:50,1ชม.15นาที,Direct,984,฿984,2026-01-26 14:27:32,airpaz.com
2026-05-21,BKKA,DMK,SNO,SNO,Nok Air,DD,13:30,14:45,1ชม.15นาที,Direct,859,฿859,2026-01-26 14:28:00,airpaz.com
2026-05-21,BKKA,DMK,SNO,SNO,Nok Air,DD,6:30,7:45,1ชม.15นาที,Direct,868,฿868,2026-01-26 14:28:00,airpaz.com
2026-05-21,BKKA,DMK,SNO,SNO,Thai AirAsia,FD,7:30,8:40,1ชม.10นาที,Direct,968,฿968,2026-01-26 14:28:00,airpaz.com
2026-05-21,BKKA,DMK,SNO,SNO,Thai AirAsia,FD,13:35,14:50,1ชม.15นาที,Direct,984,฿984,2026-01-26 14:28:00,airpaz.com
2026-05-22,BKKA,DMK,SNO,SNO,Nok Air,DD,13:30,14:45,1ชม.15นาที,Direct,859,฿859,2026-01-26 14:28:29,airpaz.com
2026-05-22,BKKA,DMK,SNO,SNO,Nok Air,DD,7:15,8:30,1ชม.15นาที,Direct,868,฿868,2026-01-26 14:28:29,airpaz.com
2026-05-22,BKKA,DMK,SNO,SNO,Thai AirAsia,FD,7:30,8:40,1ชม.10นาที,Direct,968,฿968,2026-01-26 14:28:29,airpaz.com
2026-05-22,BKKA,DMK,SNO,SNO,Thai AirAsia,FD,13:35,14:50,1ชม.15นาที,Direct,984,฿984,2026-01-26 14:28:29,airpaz.com
2026-05-23,BKKA,DMK,SNO,SNO,Nok Air,DD,13:30,14:45,1ชม.15นาที,Direct,859,฿859,2026-01-26 14:28:57,airpaz.com
2026-05-23,BKKA,DMK,SNO,SNO,Nok Air,DD,6:30,7:45,1ชม.15นาที,Direct,868,฿868,2026-01-26 14:28:57,airpaz.com
2026-05-23,BKKA,DMK,SNO,SNO,Thai AirAsia,FD,7:30,8:40,1ชม.10นาที,Direct,968,฿968,2026-01-26 14:28:57,airpaz.com
2026-05-23,BKKA,DMK,SNO,SNO,Thai AirAsia,FD,13:35,14:50,1ชม.15นาที,Direct,984,฿984,2026-01-26 14:28:57,airpaz.com
2026-05-24,BKKA,DMK,SNO,SNO,Nok Air,DD,13:30,14:45,1ชม.15นาที,Direct,859,฿859,2026-01-26 14:29:00,airpaz.com
2026-05-24,BKKA,DMK,SNO,SNO,Nok Air,DD,6:30,7:45,1ชม.15นาที,Direct,868,฿868,2026-01-26 14:29:00,airpaz.com
2026-05-24,BKKA,DMK,SNO,SNO,Thai AirAsia,FD,7:30,8:40,1ชม.10นาที,Direct,968,฿968,2026-01-26 14:29:00,airpaz.com
2026-05-24,BKKA,DMK,SNO,SNO,Thai AirAsia,FD,13:35,14:50,1ชม.15นาที,Direct,984,฿984,2026-01-26 14:29:00,airpaz.com
2026-05-25,BKKA,DMK,SNO,SNO,Thai AirAsia,FD,7:30,8:40,1ชม.10นาที,Direct,968,฿968,2026-01-26 14:29:30,airpaz.com
2026-05-25,BKKA,DMK,SNO,SNO,Thai AirAsia,FD,13:35,14:50,1ชม.15นาที,Direct,984,฿984,2026-01-26 14:29:30,airpaz.com
2026-05-26,BKKA,DMK,SNO,SNO,Nok Air,DD,13:30,14:45,1ชม.15นาที,Direct,859,฿859,2026-01-26 14:29:58,airpaz.com
2026-05-26,BKKA,DMK,SNO,SNO,Nok Air,DD,6:30,7:45,1ชม.15นาที,Direct,868,฿868,2026-01-26 14:29:58,airpaz.com
2026-05-26,BKKA,DMK,SNO,SNO,Thai AirAsia,FD,7:30,8:40,1ชม.10นาที,Direct,968,฿968,2026-01-26 14:29:58,airpaz.com
2026-05-26,BKKA,DMK,SNO,SNO,Thai AirAsia,FD,13:35,14:50,1ชม.15นาที,Direct,984,฿984,2026-01-26 14:29:58,airpaz.com
2026-05-27,BKKA,DMK,SNO,SNO,Nok Air,DD,13:30,14:45,1ชม.15นาที,Direct,859,฿859,2026-01-26 14:30:27,airpaz.com
2026-05-27,BKKA,DMK,SNO,SNO,Nok Air,DD,7:15,8:30,1ชม.15นาที,Direct,868,฿868,2026-01-26 14:30:27,airpaz.com
2026-05-27,BKKA,DMK,SNO,SNO,Thai AirAsia,FD,7:30,8:40,1ชม.10นาที,Direct,968,฿968,2026-01-26 14:30:27,airpaz.com
2026-05-27,BKKA,DMK,SNO,SNO,Thai AirAsia,FD,13:35,14:50,1ชม.15นาที,Direct,984,฿984,2026-01-26 14:30:27,airpaz.com
2026-05-28,BKKA,DMK,SNO,SNO,Nok Air,DD,13:30,14:45,1ชม.15นาที,Direct,859,฿859,2026-01-26 14:30:56,airpaz.com
2026-05-28,BKKA,DMK,SNO,SNO,Nok Air,DD,6:30,7:45,1ชม.15นาที,Direct,868,฿868,2026-01-26 14:30:56,airpaz.com
2026-05-28,BKKA,DMK,SNO,SNO,Thai AirAsia,FD,7:30,8:40,1ชม.10นาที,Direct,968,฿968,2026-01-26 14:30:56,airpaz.com
2026-05-28,BKKA,DMK,SNO,SNO,Thai AirAsia,FD,13:35,14:50,1ชม.15นาที,Direct,984,฿984,2026-01-26 14:30:56,airpaz.com
2026-05-29,BKKA,DMK,SNO,SNO,Nok Air,DD,13:30,14:45,1ชม.15นาที,Direct,859,฿859,2026-01-26 14:31:25,airpaz.com
2026-05-29,BKKA,DMK,SNO,SNO,Nok Air,DD,7:15,8:30,1ชม.15นาที,Direct,868,฿868,2026-01-26 14:31:25,airpaz.com
2026-05-29,BKKA,DMK,SNO,SNO,Thai AirAsia,FD,7:30,8:40,1ชม.10นาที,Direct,968,฿968,2026-01-26 14:31:25,airpaz.com
2026-05-29,BKKA,DMK,SNO,SNO,Thai AirAsia,FD,13:35,14:50,1ชม.15นาที,Direct,984,฿984,2026-01-26 14:31:25,airpaz.com
2026-05-30,BKKA,DMK,SNO,SNO,Nok Air,DD,13:30,14:45,1ชม.15นาที,Direct,859,฿859,2026-01-26 14:31:54,airpaz.com
2026-05-30,BKKA,DMK,SNO,SNO,Nok Air,DD,6:30,7:45,1ชม.15นาที,Direct,868,฿868,2026-01-26 14:31:54,airpaz.com
2026-05-30,BKKA,DMK,SNO,SNO,Thai AirAsia,FD,7:30,8:40,1ชม.10นาที,Direct,968,฿968,2026-01-26 14:31:54,airpaz.com
2026-05-30,BKKA,DMK,SNO,SNO,Thai AirAsia,FD,13:35,14:50,1ชม.15นาที,Direct,984,฿984,2026-01-26 14:31:54,airpaz.com
2026-05-31,BKKA,DMK,SNO,SNO,Nok Air,DD,13:30,14:45,1ชม.15นาที,Direct,859,฿859,2026-01-26 14:33:20,airpaz.com
2026-05-31,BKKA,DMK,SNO,SNO,Nok Air,DD,7:15,8:30,1ชม.15นาที,Direct,868,฿868,2026-01-26 14:33:20,airpaz.com
2026-05-31,BKKA,DMK,SNO,SNO,Thai AirAsia,FD,7:30,8:40,1ชม.10นาที,Direct,968,฿968,2026-01-26 14:33:20,airpaz.com
2026-05-31,BKKA,DMK,SNO,SNO,Thai AirAsia,FD,13:35,14:50,1ชม.15นาที,Direct,984,฿984,2026-01-26 14:33:20,airpaz.com
2026-06-01,BKKA,DMK,SNO,SNO,Thai AirAsia,FD,7:30,8:40,1ชม.10นาที,Direct,968,฿968,2026-01-26 14:33:49,airpaz.com
2026-06-01,BKKA,DMK,SNO,SNO,Thai AirAsia,FD,13:35,14:50,1ชม.15นาที,Direct,984,฿984,2026-01-26 14:33:49,airpaz.com
2026-06-01,BKKA,DMK,SNO,SNO,Nok Air,DD,13:30,14:45,1ชม.15นาที,Direct,1765,"฿1,765",2026-01-26 14:33:49,airpaz.com
2026-06-01,BKKA,DMK,SNO,SNO,Nok Air,DD,7:15,8:30,1ชม.15นาที,Direct,1784,"฿1,784",2026-01-26 14:33:49,airpaz.com
2026-06-02,BKKA,DMK,SNO,SNO,Thai AirAsia,FD,7:30,8:40,1ชม.10นาที,Direct,968,฿968,2026-01-26 14:34:18,airpaz.com
2026-06-02,BKKA,DMK,SNO,SNO,Thai AirAsia,FD,13:35,14:50,1ชม.15นาที,Direct,984,฿984,2026-01-26 14:34:18,airpaz.com
2026-06-02,BKKA,DMK,SNO,SNO,Nok Air,DD,13:30,14:45,1ชม.15นาที,Direct,1765,"฿1,765",2026-01-26 14:34:18,airpaz.com
2026-06-02,BKKA,DMK,SNO,SNO,Nok Air,DD,6:30,7:45,1ชม.15นาที,Direct,1784,"฿1,784",2026-01-26 14:34:18,airpaz.com
2026-06-03,BKKA,DMK,SNO,SNO,Thai AirAsia,FD,7:30,8:40,1ชม.10นาที,Direct,968,฿968,2026-01-26 14:34:47,airpaz.com
2026-06-03,BKKA,DMK,SNO,SNO,Thai AirAsia,FD,13:35,14:50,1ชม.15นาที,Direct,984,฿984,2026-01-26 14:34:47,airpaz.com
2026-06-03,BKKA,DMK,SNO,SNO,Nok Air,DD,13:30,14:45,1ชม.15นาที,Direct,1765,"฿1,765",2026-01-26 14:34:47,airpaz.com
2026-06-03,BKKA,DMK,SNO,SNO,Nok Air,DD,7:15,8:30,1ชม.15นาที,Direct,1784,"฿1,784",2026-01-26 14:34:47,airpaz.com
2026-06-04,BKKA,DMK,SNO,SNO,Thai AirAsia,FD,7:30,8:40,1ชม.10นาที,Direct,968,฿968,2026-01-26 14:35:15,airpaz.com
2026-06-04,BKKA,DMK,SNO,SNO,Thai AirAsia,FD,13:35,14:50,1ชม.15นาที,Direct,984,฿984,2026-01-26 14:35:15,airpaz.com
2026-06-04,BKKA,DMK,SNO,SNO,Nok Air,DD,13:30,14:45,1ชม.15นาที,Direct,1765,"฿1,765",2026-01-26 14:35:15,airpaz.com
2026-06-04,BKKA,DMK,SNO,SNO,Nok Air,DD,6:30,7:45,1ชม.15นาที,Direct,1784,"฿1,784",2026-01-26 14:35:15,airpaz.com
2026-06-05,BKKA,DMK,SNO,SNO,Thai AirAsia,FD,7:30,8:40,1ชม.10นาที,Direct,968,฿968,2026-01-26 14:35:44,airpaz.com
2026-06-05,BKKA,DMK,SNO,SNO,Thai AirAsia,FD,13:35,14:50,1ชม.15นาที,Direct,984,฿984,2026-01-26 14:35:44,airpaz.com
2026-06-06,BKKA,DMK,SNO,SNO,Thai AirAsia,FD,7:30,8:40,1ชม.10นาที,Direct,968,฿968,2026-01-26 14:35:47,airpaz.com
2026-06-06,BKKA,DMK,SNO,SNO,Thai AirAsia,FD,13:35,14:50,1ชม.15นาที,Direct,984,฿984,2026-01-26 14:35:47,airpaz.com
2026-06-06,BKKA,DMK,SNO,SNO,Nok Air,DD,13:30,14:45,1ชม.15นาที,Direct,1765,"฿1,765",2026-01-26 14:35:47,airpaz.com
2026-06-06,BKKA,DMK,SNO,SNO,Nok Air,DD,7:15,8:30,1ชม.15นาที,Direct,1784,"฿1,784",2026-01-26 14:35:47,airpaz.com
2026-06-07,BKKA,DMK,SNO,SNO,Thai AirAsia,FD,7:30,8:40,1ชม.10นาที,Direct,968,฿968,2026-01-26 14:36:16,airpaz.com
2026-06-07,BKKA,DMK,SNO,SNO,Thai AirAsia,FD,13:35,14:50,1ชม.15นาที,Direct,984,฿984,2026-01-26 14:36:16,airpaz.com
2026-06-07,BKKA,DMK,SNO,SNO,Nok Air,DD,13:30,14:45,1ชม.15นาที,Direct,1765,"฿1,765",2026-01-26 14:36:16,airpaz.com
2026-06-07,BKKA,DMK,SNO,SNO,Nok Air,DD,7:15,8:30,1ชม.15นาที,Direct,1784,"฿1,784",2026-01-26 14:36:16,airpaz.com
2026-06-08,BKKA,DMK,SNO,SNO,Nok Air,DD,13:30,14:45,1ชม.15นาที,Direct,859,฿859,2026-01-26 14:36:45,airpaz.com
2026-06-08,BKKA,DMK,SNO,SNO,Nok Air,DD,7:15,8:30,1ชม.15นาที,Direct,868,฿868,2026-01-26 14:36:45,airpaz.com
2026-06-08,BKKA,DMK,SNO,SNO,Thai AirAsia,FD,7:30,8:40,1ชม.10นาที,Direct,968,฿968,2026-01-26 14:36:45,airpaz.com
2026-06-08,BKKA,DMK,SNO,SNO,Thai AirAsia,FD,13:35,14:50,1ชม.15นาที,Direct,984,฿984,2026-01-26 14:36:45,airpaz.com
2026-06-09,BKKA,DMK,SNO,SNO,Thai AirAsia,FD,7:30,8:40,1ชม.10นาที,Direct,968,฿968,2026-01-26 14:37:14,airpaz.com
2026-06-09,BKKA,DMK,SNO,SNO,Thai AirAsia,FD,13:35,14:50,1ชม.15นาที,Direct,984,฿984,2026-01-26 14:37:14,airpaz.com
2026-06-10,BKKA,DMK,SNO,SNO,Nok Air,DD,13:30,14:45,1ชม.15นาที,Direct,859,฿859,2026-01-26 14:37:17,airpaz.com
2026-06-10,BKKA,DMK,SNO,SNO,Nok Air,DD,6:30,7:45,1ชม.15นาที,Direct,868,฿868,2026-01-26 14:37:17,airpaz.com
2026-06-10,BKKA,DMK,SNO,SNO,Thai AirAsia,FD,7:30,8:40,1ชม.10นาที,Direct,968,฿968,2026-01-26 14:37:17,airpaz.com
2026-06-10,BKKA,DMK,SNO,SNO,Thai AirAsia,FD,13:35,14:50,1ชม.15นาที,Direct,984,฿984,2026-01-26 14:37:17,airpaz.com
2026-06-11,BKKA,DMK,SNO,SNO,Nok Air,DD,13:30,14:45,1ชม.15นาที,Direct,859,฿859,2026-01-26 14:37:46,airpaz.com
2026-06-11,BKKA,DMK,SNO,SNO,Nok Air,DD,6:30,7:45,1ชม.15นาที,Direct,868,฿868,2026-01-26 14:37:46,airpaz.com
2026-06-11,BKKA,DMK,SNO,SNO,Thai AirAsia,FD,7:30,8:40,1ชม.10นาที,Direct,968,฿968,2026-01-26 14:37:46,airpaz.com
2026-06-11,BKKA,DMK,SNO,SNO,Thai AirAsia,FD,13:35,14:50,1ชม.15นาที,Direct,984,฿984,2026-01-26 14:37:46,airpaz.com
2026-06-12,BKKA,DMK,SNO,SNO,Nok Air,DD,13:30,14:45,1ชม.15นาที,Direct,859,฿859,2026-01-26 14:38:15,airpaz.com
2026-06-12,BKKA,DMK,SNO,SNO,Nok Air,DD,7:15,8:30,1ชม.15นาที,Direct,868,฿868,2026-01-26 14:38:15,airpaz.com
2026-06-12,BKKA,DMK,SNO,SNO,Thai AirAsia,FD,7:30,8:40,1ชม.10นาที,Direct,968,฿968,2026-01-26 14:38:15,airpaz.com
2026-06-12,BKKA,DMK,SNO,SNO,Thai AirAsia,FD,13:35,14:50,1ชม.15นาที,Direct,984,฿984,2026-01-26 14:38:15,airpaz.com
2026-06-13,BKKA,DMK,SNO,SNO,Nok Air,DD,13:30,14:45,1ชม.15นาที,Direct,859,฿859,2026-01-26 14:38:43,airpaz.com
2026-06-13,BKKA,DMK,SNO,SNO,Nok Air,DD,6:30,7:45,1ชม.15นาที,Direct,868,฿868,2026-01-26 14:38:43,airpaz.com
2026-06-13,BKKA,DMK,SNO,SNO,Thai AirAsia,FD,7:30,8:40,1ชม.10นาที,Direct,968,฿968,2026-01-26 14:38:44,airpaz.com
2026-06-13,BKKA,DMK,SNO,SNO,Thai AirAsia,FD,13:35,14:50,1ชม.15นาที,Direct,984,฿984,2026-01-26 14:38:44,airpaz.com
2026-06-14,BKKA,DMK,SNO,SNO,Nok Air,DD,13:30,14:45,1ชม.15นาที,Direct,859,฿859,2026-01-26 14:39:13,airpaz.com
2026-06-14,BKKA,DMK,SNO,SNO,Nok Air,DD,7:15,8:30,1ชม.15นาที,Direct,868,฿868,2026-01-26 14:39:13,airpaz.com
2026-06-14,BKKA,DMK,SNO,SNO,Thai AirAsia,FD,7:30,8:40,1ชม.10นาที,Direct,968,฿968,2026-01-26 14:39:13,airpaz.com
2026-06-14,BKKA,DMK,SNO,SNO,Thai AirAsia,FD,13:35,14:50,1ชม.15นาที,Direct,984,฿984,2026-01-26 14:39:13,airpaz.com
2026-06-15,BKKA,DMK,SNO,SNO,Nok Air,DD,13:30,14:45,1ชม.15นาที,Direct,859,฿859,2026-01-26 14:39:42,airpaz.com
2026-06-15,BKKA,DMK,SNO,SNO,Nok Air,DD,7:15,8:30,1ชม.15นาที,Direct,868,฿868,2026-01-26 14:39:42,airpaz.com
2026-06-15,BKKA,DMK,SNO,SNO,Thai AirAsia,FD,7:30,8:40,1ชม.10นาที,Direct,968,฿968,2026-01-26 14:39:42,airpaz.com
2026-06-15,BKKA,DMK,SNO,SNO,Thai AirAsia,FD,13:35,14:50,1ชม.15นาที,Direct,984,฿984,2026-01-26 14:39:42,airpaz.com
2026-06-16,BKKA,DMK,SNO,SNO,Thai AirAsia,FD,7:30,8:40,1ชม.10นาที,Direct,968,฿968,2026-01-26 14:40:11,airpaz.com
2026-06-16,BKKA,DMK,SNO,SNO,Thai AirAsia,FD,13:35,14:50,1ชม.15นาที,Direct,984,฿984,2026-01-26 14:40:11,airpaz.com
2026-06-17,BKKA,DMK,SNO,SNO,Nok Air,DD,13:30,14:45,1ชม.15นาที,Direct,859,฿859,2026-01-26 14:40:13,airpaz.com
2026-06-17,BKKA,DMK,SNO,SNO,Nok Air,DD,6:30,7:45,1ชม.15นาที,Direct,868,฿868,2026-01-26 14:40:13,airpaz.com
2026-06-17,BKKA,DMK,SNO,SNO,Thai AirAsia,FD,7:30,8:40,1ชม.10นาที,Direct,968,฿968,2026-01-26 14:40:13,airpaz.com
2026-06-17,BKKA,DMK,SNO,SNO,Thai AirAsia,FD,13:35,14:50,1ชม.15นาที,Direct,984,฿984,2026-01-26 14:40:13,airpaz.com
2026-06-18,BKKA,DMK,SNO,SNO,Nok Air,DD,13:30,14:45,1ชม.15นาที,Direct,859,฿859,2026-01-26 14:40:42,airpaz.com
2026-06-18,BKKA,DMK,SNO,SNO,Nok Air,DD,6:30,7:45,1ชม.15นาที,Direct,868,฿868,2026-01-26 14:40:42,airpaz.com
2026-06-18,BKKA,DMK,SNO,SNO,Thai AirAsia,FD,7:30,8:40,1ชม.10นาที,Direct,968,฿968,2026-01-26 14:40:42,airpaz.com
2026-06-18,BKKA,DMK,SNO,SNO,Thai AirAsia,FD,13:35,14:50,1ชม.15นาที,Direct,984,฿984,2026-01-26 14:40:42,airpaz.com
2026-06-19,BKKA,DMK,SNO,SNO,Nok Air,DD,13:30,14:45,1ชม.15นาที,Direct,859,฿859,2026-01-26 14:41:11,airpaz.com
2026-06-19,BKKA,DMK,SNO,SNO,Nok Air,DD,7:15,8:30,1ชม.15นาที,Direct,868,฿868,2026-01-26 14:41:11,airpaz.com
2026-06-19,BKKA,DMK,SNO,SNO,Thai AirAsia,FD,7:30,8:40,1ชม.10นาที,Direct,968,฿968,2026-01-26 14:41:11,airpaz.com
2026-06-19,BKKA,DMK,SNO,SNO,Thai AirAsia,FD,13:35,14:50,1ชม.15นาที,Direct,984,฿984,2026-01-26 14:41:11,airpaz.com
2026-06-20,BKKA,DMK,SNO,SNO,Nok Air,DD,13:30,14:45,1ชม.15นาที,Direct,859,฿859,2026-01-26 14:41:40,airpaz.com
2026-06-20,BKKA,DMK,SNO,SNO,Nok Air,DD,6:30,7:45,1ชม.15นาที,Direct,868,฿868,2026-01-26 14:41:40,airpaz.com
2026-06-20,BKKA,DMK,SNO,SNO,Thai AirAsia,FD,7:30,8:40,1ชม.10นาที,Direct,968,฿968,2026-01-26 14:41:40,airpaz.com
2026-06-20,BKKA,DMK,SNO,SNO,Thai AirAsia,FD,13:35,14:50,1ชม.15นาที,Direct,984,฿984,2026-01-26 14:41:40,airpaz.com
2026-06-21,BKKA,DMK,SNO,SNO,Nok Air,DD,13:30,14:45,1ชม.15นาที,Direct,859,฿859,2026-01-26 14:42:09,airpaz.com
2026-06-21,BKKA,DMK,SNO,SNO,Nok Air,DD,7:15,8:30,1ชม.15นาที,Direct,868,฿868,2026-01-26 14:42:09,airpaz.com
2026-06-21,BKKA,DMK,SNO,SNO,Thai AirAsia,FD,7:30,8:40,1ชม.10นาที,Direct,968,฿968,2026-01-26 14:42:09,airpaz.com
2026-06-21,BKKA,DMK,SNO,SNO,Thai AirAsia,FD,13:35,14:50,1ชม.15นาที,Direct,984,฿984,2026-01-26 14:42:09,airpaz.com
2026-06-22,BKKA,DMK,SNO,SNO,Nok Air,DD,13:30,14:45,1ชม.15นาที,Direct,859,฿859,2026-01-26 14:42:38,airpaz.com
2026-06-22,BKKA,DMK,SNO,SNO,Nok Air,DD,7:15,8:30,1ชม.15นาที,Direct,868,฿868,2026-01-26 14:42:38,airpaz.com
2026-06-22,BKKA,DMK,SNO,SNO,Thai AirAsia,FD,7:30,8:40,1ชม.10นาที,Direct,968,฿968,2026-01-26 14:42:38,airpaz.com
2026-06-22,BKKA,DMK,SNO,SNO,Thai AirAsia,FD,13:35,14:50,1ชม.15นาที,Direct,984,฿984,2026-01-26 14:42:38,airpaz.com
2026-06-23,BKKA,DMK,SNO,SNO,Nok Air,DD,13:30,14:45,1ชม.15นาที,Direct,859,฿859,2026-01-26 14:43:06,airpaz.com
2026-06-23,BKKA,DMK,SNO,SNO,Nok Air,DD,6:30,7:45,1ชม.15นาที,Direct,868,฿868,2026-01-26 14:43:06,airpaz.com
2026-06-23,BKKA,DMK,SNO,SNO,Thai AirAsia,FD,7:30,8:40,1ชม.10นาที,Direct,968,฿968,2026-01-26 14:43:06,airpaz.com
2026-06-23,BKKA,DMK,SNO,SNO,Thai AirAsia,FD,13:35,14:50,1ชม.15นาที,Direct,984,฿984,2026-01-26 14:43:06,airpaz.com
2026-06-24,BKKA,DMK,SNO,SNO,Nok Air,DD,13:30,14:45,1ชม.15นาที,Direct,859,฿859,2026-01-26 14:43:35,airpaz.com
2026-06-24,BKKA,DMK,SNO,SNO,Nok Air,DD,7:15,8:30,1ชม.15นาที,Direct,868,฿868,2026-01-26 14:43:35,airpaz.com
2026-06-24,BKKA,DMK,SNO,SNO,Thai AirAsia,FD,7:30,8:40,1ชม.10นาที,Direct,968,฿968,2026-01-26 14:43:35,airpaz.com
2026-06-24,BKKA,DMK,SNO,SNO,Thai AirAsia,FD,13:35,14:50,1ชม.15นาที,Direct,984,฿984,2026-01-26 14:43:35,airpaz.com
2026-06-25,BKKA,DMK,SNO,SNO,Nok Air,DD,13:30,14:45,1ชม.15นาที,Direct,859,฿859,2026-01-26 14:44:47,airpaz.com
2026-06-25,BKKA,DMK,SNO,SNO,Nok Air,DD,6:30,7:45,1ชม.15นาที,Direct,868,฿868,2026-01-26 14:44:47,airpaz.com
2026-06-25,BKKA,DMK,SNO,SNO,Thai AirAsia,FD,7:30,8:40,1ชม.10นาที,Direct,968,฿968,2026-01-26 14:44:47,airpaz.com
2026-06-25,BKKA,DMK,SNO,SNO,Thai AirAsia,FD,13:35,14:50,1ชม.15นาที,Direct,984,฿984,2026-01-26 14:44:47,airpaz.com
2026-06-26,BKKA,DMK,SNO,SNO,Nok Air,DD,13:30,14:45,1ชม.15นาที,Direct,859,฿859,2026-01-26 14:45:16,airpaz.com
2026-06-26,BKKA,DMK,SNO,SNO,Nok Air,DD,7:15,8:30,1ชม.15นาที,Direct,868,฿868,2026-01-26 14:45:16,airpaz.com
2026-06-26,BKKA,DMK,SNO,SNO,Thai AirAsia,FD,7:30,8:40,1ชม.10นาที,Direct,968,฿968,2026-01-26 14:45:16,airpaz.com
2026-06-26,BKKA,DMK,SNO,SNO,Thai AirAsia,FD,13:35,14:50,1ชม.15นาที,Direct,984,฿984,2026-01-26 14:45:16,airpaz.com
2026-06-27,BKKA,DMK,SNO,SNO,Nok Air,DD,13:30,14:45,1ชม.15นาที,Direct,859,฿859,2026-01-26 14:45:45,airpaz.com
2026-06-27,BKKA,DMK,SNO,SNO,Nok Air,DD,6:30,7:45,1ชม.15นาที,Direct,868,฿868,2026-01-26 14:45:45,airpaz.com
2026-06-27,BKKA,DMK,SNO,SNO,Thai AirAsia,FD,7:30,8:40,1ชม.10นาที,Direct,968,฿968,2026-01-26 14:45:45,airpaz.com
2026-06-27,BKKA,DMK,SNO,SNO,Thai AirAsia,FD,13:35,14:50,1ชม.15นาที,Direct,984,฿984,2026-01-26 14:45:45,airpaz.com
2026-06-28,BKKA,DMK,SNO,SNO,Thai AirAsia,FD,7:30,8:40,1ชม.10นาที,Direct,968,฿968,2026-01-26 14:46:14,airpaz.com
2026-06-28,BKKA,DMK,SNO,SNO,Thai AirAsia,FD,13:35,14:50,1ชม.15นาที,Direct,984,฿984,2026-01-26 14:46:14,airpaz.com
2026-06-29,BKKA,DMK,SNO,SNO,Nok Air,DD,13:30,14:45,1ชม.15นาที,Direct,859,฿859,2026-01-26 14:46:17,airpaz.com
2026-06-29,BKKA,DMK,SNO,SNO,Nok Air,DD,7:15,8:30,1ชม.15นาที,Direct,868,฿868,2026-01-26 14:46:17,airpaz.com
2026-06-29,BKKA,DMK,SNO,SNO,Thai AirAsia,FD,7:30,8:40,1ชม.10นาที,Direct,968,฿968,2026-01-26 14:46:17,airpaz.com
2026-06-29,BKKA,DMK,SNO,SNO,Thai AirAsia,FD,13:35,14:50,1ชม.15นาที,Direct,984,฿984,2026-01-26 14:46:17,airpaz.com
2026-06-30,BKKA,DMK,SNO,SNO,Nok Air,DD,13:30,14:45,1ชม.15นาที,Direct,859,฿859,2026-01-26 14:46:46,airpaz.com
2026-06-30,BKKA,DMK,SNO,SNO,Nok Air,DD,6:30,7:45,1ชม.15นาที,Direct,868,฿868,2026-01-26 14:46:46,airpaz.com
2026-06-30,BKKA,DMK,SNO,SNO,Thai AirAsia,FD,7:30,8:40,1ชม.10นาที,Direct,968,฿968,2026-01-26 14:46:46,airpaz.com
2026-06-30,BKKA,DMK,SNO,SNO,Thai AirAsia,FD,13:35,14:50,1ชม.15นาที,Direct,984,฿984,2026-01-26 14:46:46,airpaz.com
2026-07-01,BKKA,DMK,SNO,SNO,Nok Air,DD,13:30,14:45,1ชม.15นาที,Direct,859,฿859,2026-01-26 14:47:15,airpaz.com
2026-07-01,BKKA,DMK,SNO,SNO,Nok Air,DD,7:15,8:30,1ชม.15นาที,Direct,868,฿868,2026-01-26 14:47:15,airpaz.com
2026-07-01,BKKA,DMK,SNO,SNO,Thai AirAsia,FD,7:30,8:40,1ชม.10นาที,Direct,968,฿968,2026-01-26 14:47:15,airpaz.com
2026-07-01,BKKA,DMK,SNO,SNO,Thai AirAsia,FD,13:35,14:50,1ชม.15นาที,Direct,984,฿984,2026-01-26 14:47:15,airpaz.com
2026-07-02,BKKA,DMK,SNO,SNO,Nok Air,DD,13:30,14:45,1ชม.15นาที,Direct,859,฿859,2026-01-26 14:47:44,airpaz.com
2026-07-02,BKKA,DMK,SNO,SNO,Nok Air,DD,6:30,7:45,1ชม.15นาที,Direct,868,฿868,2026-01-26 14:47:44,airpaz.com
2026-07-02,BKKA,DMK,SNO,SNO,Thai AirAsia,FD,7:30,8:40,1ชม.10นาที,Direct,968,฿968,2026-01-26 14:47:44,airpaz.com
2026-07-02,BKKA,DMK,SNO,SNO,Thai AirAsia,FD,13:35,14:50,1ชม.15นาที,Direct,984,฿984,2026-01-26 14:47:44,airpaz.com
2026-07-03,BKKA,DMK,SNO,SNO,Nok Air,DD,13:30,14:45,1ชม.15นาที,Direct,859,฿859,2026-01-26 14:48:13,airpaz.com
2026-07-03,BKKA,DMK,SNO,SNO,Nok Air,DD,7:15,8:30,1ชม.15นาที,Direct,868,฿868,2026-01-26 14:48:13,airpaz.com
2026-07-03,BKKA,DMK,SNO,SNO,Thai AirAsia,FD,7:30,8:40,1ชม.10นาที,Direct,968,฿968,2026-01-26 14:48:13,airpaz.com
2026-07-03,BKKA,DMK,SNO,SNO,Thai AirAsia,FD,13:35,14:50,1ชม.15นาที,Direct,984,฿984,2026-01-26 14:48:13,airpaz.com
2026-07-04,BKKA,DMK,SNO,SNO,Nok Air,DD,13:30,14:45,1ชม.15นาที,Direct,859,฿859,2026-01-26 14:48:15,airpaz.com
2026-07-04,BKKA,DMK,SNO,SNO,Nok Air,DD,7:15,8:30,1ชม.15นาที,Direct,868,฿868,2026-01-26 14:48:15,airpaz.com
2026-07-04,BKKA,DMK,SNO,SNO,Thai AirAsia,FD,7:30,8:40,1ชม.10นาที,Direct,968,฿968,2026-01-26 14:48:15,airpaz.com
2026-07-04,BKKA,DMK,SNO,SNO,Thai AirAsia,FD,13:35,14:50,1ชม.15นาที,Direct,984,฿984,2026-01-26 14:48:15,airpaz.com
2026-07-05,BKKA,DMK,SNO,SNO,Nok Air,DD,13:30,14:45,1ชม.15นาที,Direct,859,฿859,2026-01-26 14:48:44,airpaz.com
2026-07-05,BKKA,DMK,SNO,SNO,Nok Air,DD,7:15,8:30,1ชม.15นาที,Direct,868,฿868,2026-01-26 14:48:44,airpaz.com
2026-07-05,BKKA,DMK,SNO,SNO,Thai AirAsia,FD,7:30,8:40,1ชม.10นาที,Direct,968,฿968,2026-01-26 14:48:44,airpaz.com
2026-07-05,BKKA,DMK,SNO,SNO,Thai AirAsia,FD,13:35,14:50,1ชม.15นาที,Direct,984,฿984,2026-01-26 14:48:44,airpaz.com
2026-07-06,BKKA,DMK,SNO,SNO,Nok Air,DD,13:30,14:45,1ชม.15นาที,Direct,859,฿859,2026-01-26 14:49:13,airpaz.com
2026-07-06,BKKA,DMK,SNO,SNO,Nok Air,DD,7:15,8:30,1ชม.15นาที,Direct,868,฿868,2026-01-26 14:49:13,airpaz.com
2026-07-06,BKKA,DMK,SNO,SNO,Thai AirAsia,FD,7:30,8:40,1ชม.10นาที,Direct,968,฿968,2026-01-26 14:49:13,airpaz.com
2026-07-06,BKKA,DMK,SNO,SNO,Thai AirAsia,FD,13:35,14:50,1ชม.15นาที,Direct,984,฿984,2026-01-26 14:49:13,airpaz.com
2026-07-07,BKKA,DMK,SNO,SNO,Nok Air,DD,13:30,14:45,1ชม.15นาที,Direct,859,฿859,2026-01-26 14:49:41,airpaz.com
2026-07-07,BKKA,DMK,SNO,SNO,Nok Air,DD,6:30,7:45,1ชม.15นาที,Direct,868,฿868,2026-01-26 14:49:41,airpaz.com
2026-07-07,BKKA,DMK,SNO,SNO,Thai AirAsia,FD,7:30,8:40,1ชม.10นาที,Direct,968,฿968,2026-01-26 14:49:41,airpaz.com
2026-07-07,BKKA,DMK,SNO,SNO,Thai AirAsia,FD,13:35,14:50,1ชม.15นาที,Direct,984,฿984,2026-01-26 14:49:42,airpaz.com
2026-07-08,BKKA,DMK,SNO,SNO,Nok Air,DD,13:30,14:45,1ชม.15นาที,Direct,859,฿859,2026-01-26 14:50:10,airpaz.com
2026-07-08,BKKA,DMK,SNO,SNO,Nok Air,DD,7:15,8:30,1ชม.15นาที,Direct,868,฿868,2026-01-26 14:50:10,airpaz.com
2026-07-08,BKKA,DMK,SNO,SNO,Thai AirAsia,FD,7:30,8:40,1ชม.10นาที,Direct,968,฿968,2026-01-26 14:50:10,airpaz.com
2026-07-08,BKKA,DMK,SNO,SNO,Thai AirAsia,FD,13:35,14:50,1ชม.15นาที,Direct,984,฿984,2026-01-26 14:50:10,airpaz.com
2026-07-09,BKKA,DMK,SNO,SNO,Nok Air,DD,13:30,14:45,1ชม.15นาที,Direct,859,฿859,2026-01-26 14:50:39,airpaz.com
2026-07-09,BKKA,DMK,SNO,SNO,Nok Air,DD,6:30,7:45,1ชม.15นาที,Direct,868,฿868,2026-01-26 14:50:39,airpaz.com
2026-07-09,BKKA,DMK,SNO,SNO,Thai AirAsia,FD,7:30,8:40,1ชม.10นาที,Direct,968,฿968,2026-01-26 14:50:39,airpaz.com
2026-07-09,BKKA,DMK,SNO,SNO,Thai AirAsia,FD,13:35,14:50,1ชม.15นาที,Direct,984,฿984,2026-01-26 14:50:39,airpaz.com
2026-07-10,BKKA,DMK,SNO,SNO,Nok Air,DD,13:30,14:45,1ชม.15นาที,Direct,859,฿859,2026-01-26 14:51:09,airpaz.com
2026-07-10,BKKA,DMK,SNO,SNO,Nok Air,DD,7:15,8:30,1ชม.15นาที,Direct,868,฿868,2026-01-26 14:51:09,airpaz.com
2026-07-10,BKKA,DMK,SNO,SNO,Thai AirAsia,FD,7:30,8:40,1ชม.10นาที,Direct,968,฿968,2026-01-26 14:51:09,airpaz.com
2026-07-10,BKKA,DMK,SNO,SNO,Thai AirAsia,FD,13:35,14:50,1ชม.15นาที,Direct,984,฿984,2026-01-26 14:51:09,airpaz.com
2026-07-11,BKKA,DMK,SNO,SNO,Nok Air,DD,13:30,14:45,1ชม.15นาที,Direct,859,฿859,2026-01-26 14:51:38,airpaz.com
2026-07-11,BKKA,DMK,SNO,SNO,Nok Air,DD,6:30,7:45,1ชม.15นาที,Direct,868,฿868,2026-01-26 14:51:38,airpaz.com
2026-07-11,BKKA,DMK,SNO,SNO,Thai AirAsia,FD,7:30,8:40,1ชม.10นาที,Direct,968,฿968,2026-01-26 14:51:38,airpaz.com
2026-07-11,BKKA,DMK,SNO,SNO,Thai AirAsia,FD,13:35,14:50,1ชม.15นาที,Direct,984,฿984,2026-01-26 14:51:38,airpaz.com
2026-07-12,BKKA,DMK,SNO,SNO,Thai AirAsia,FD,7:30,8:40,1ชม.10นาที,Direct,968,฿968,2026-01-26 14:52:07,airpaz.com
2026-07-12,BKKA,DMK,SNO,SNO,Thai AirAsia,FD,13:35,14:50,1ชม.15นาที,Direct,984,฿984,2026-01-26 14:52:07,airpaz.com
2026-07-13,BKKA,DMK,SNO,SNO,Nok Air,DD,13:30,14:45,1ชม.15นาที,Direct,859,฿859,2026-01-26 14:52:10,airpaz.com
2026-07-13,BKKA,DMK,SNO,SNO,Nok Air,DD,7:15,8:30,1ชม.15นาที,Direct,868,฿868,2026-01-26 14:52:10,airpaz.com
2026-07-13,BKKA,DMK,SNO,SNO,Thai AirAsia,FD,7:30,8:40,1ชม.10นาที,Direct,968,฿968,2026-01-26 14:52:10,airpaz.com
2026-07-13,BKKA,DMK,SNO,SNO,Thai AirAsia,FD,13:35,14:50,1ชม.15นาที,Direct,984,฿984,2026-01-26 14:52:10,airpaz.com
2026-07-14,BKKA,DMK,SNO,SNO,Nok Air,DD,13:30,14:45,1ชม.15นาที,Direct,859,฿859,2026-01-26 14:52:39,airpaz.com
2026-07-14,BKKA,DMK,SNO,SNO,Nok Air,DD,6:30,7:45,1ชม.15นาที,Direct,868,฿868,2026-01-26 14:52:39,airpaz.com
2026-07-14,BKKA,DMK,SNO,SNO,Thai AirAsia,FD,7:30,8:40,1ชม.10นาที,Direct,968,฿968,2026-01-26 14:52:39,airpaz.com
2026-07-14,BKKA,DMK,SNO,SNO,Thai AirAsia,FD,13:35,14:50,1ชม.15นาที,Direct,984,฿984,2026-01-26 14:52:39,airpaz.com
2026-07-15,BKKA,DMK,SNO,SNO,Nok Air,DD,13:30,14:45,1ชม.15นาที,Direct,859,฿859,2026-01-26 14:52:42,airpaz.com
2026-07-15,BKKA,DMK,SNO,SNO,Nok Air,DD,6:30,7:45,1ชม.15นาที,Direct,868,฿868,2026-01-26 14:52:42,airpaz.com
2026-07-15,BKKA,DMK,SNO,SNO,Thai AirAsia,FD,7:30,8:40,1ชม.10นาที,Direct,968,฿968,2026-01-26 14:52:42,airpaz.com
2026-07-15,BKKA,DMK,SNO,SNO,Thai AirAsia,FD,13:35,14:50,1ชม.15นาที,Direct,984,฿984,2026-01-26 14:52:42,airpaz.com
2026-07-16,BKKA,DMK,SNO,SNO,Nok Air,DD,13:30,14:45,1ชม.15นาที,Direct,859,฿859,2026-01-26 14:53:11,airpaz.com
2026-07-16,BKKA,DMK,SNO,SNO,Nok Air,DD,6:30,7:45,1ชม.15นาที,Direct,868,฿868,2026-01-26 14:53:11,airpaz.com
2026-07-16,BKKA,DMK,SNO,SNO,Thai AirAsia,FD,7:30,8:40,1ชม.10นาที,Direct,968,฿968,2026-01-26 14:53:11,airpaz.com
2026-07-16,BKKA,DMK,SNO,SNO,Thai AirAsia,FD,13:35,14:50,1ชม.15นาที,Direct,984,฿984,2026-01-26 14:53:11,airpaz.com
2026-07-17,BKKA,DMK,SNO,SNO,Nok Air,DD,13:30,14:45,1ชม.15นาที,Direct,859,฿859,2026-01-26 14:53:40,airpaz.com
2026-07-17,BKKA,DMK,SNO,SNO,Nok Air,DD,7:15,8:30,1ชม.15นาที,Direct,868,฿868,2026-01-26 14:53:40,airpaz.com
2026-07-17,BKKA,DMK,SNO,SNO,Thai AirAsia,FD,7:30,8:40,1ชม.10นาที,Direct,968,฿968,2026-01-26 14:53:40,airpaz.com
2026-07-17,BKKA,DMK,SNO,SNO,Thai AirAsia,FD,13:35,14:50,1ชม.15นาที,Direct,984,฿984,2026-01-26 14:53:40,airpaz.com
2026-07-18,BKKA,DMK,SNO,SNO,Nok Air,DD,13:30,14:45,1ชม.15นาที,Direct,859,฿859,2026-01-26 14:54:09,airpaz.com
2026-07-18,BKKA,DMK,SNO,SNO,Nok Air,DD,6:30,7:45,1ชม.15นาที,Direct,868,฿868,2026-01-26 14:54:09,airpaz.com
2026-07-18,BKKA,DMK,SNO,SNO,Thai AirAsia,FD,7:30,8:40,1ชม.10นาที,Direct,968,฿968,2026-01-26 14:54:09,airpaz.com
2026-07-18,BKKA,DMK,SNO,SNO,Thai AirAsia,FD,13:35,14:50,1ชม.15นาที,Direct,984,฿984,2026-01-26 14:54:09,airpaz.com
2026-07-19,BKKA,DMK,SNO,SNO,Nok Air,DD,13:30,14:45,1ชม.15นาที,Direct,859,฿859,2026-01-26 14:54:38,airpaz.com
2026-07-19,BKKA,DMK,SNO,SNO,Nok Air,DD,7:15,8:30,1ชม.15นาที,Direct,868,฿868,2026-01-26 14:54:38,airpaz.com
2026-07-19,BKKA,DMK,SNO,SNO,Thai AirAsia,FD,7:30,8:40,1ชม.10นาที,Direct,968,฿968,2026-01-26 14:54:38,airpaz.com
2026-07-19,BKKA,DMK,SNO,SNO,Thai AirAsia,FD,13:35,14:50,1ชม.15นาที,Direct,984,฿984,2026-01-26 14:54:38,airpaz.com
2026-07-20,BKKA,DMK,SNO,SNO,Nok Air,DD,13:30,14:45,1ชม.15นาที,Direct,859,฿859,2026-01-26 14:56:30,airpaz.com
2026-07-20,BKKA,DMK,SNO,SNO,Nok Air,DD,7:15,8:30,1ชม.15นาที,Direct,868,฿868,2026-01-26 14:56:31,airpaz.com
2026-07-20,BKKA,DMK,SNO,SNO,Thai AirAsia,FD,7:30,8:40,1ชม.10นาที,Direct,968,฿968,2026-01-26 14:56:31,airpaz.com
2026-07-20,BKKA,DMK,SNO,SNO,Thai AirAsia,FD,13:35,14:50,1ชม.15นาที,Direct,984,฿984,2026-01-26 14:56:31,airpaz.com
2026-07-21,BKKA,DMK,SNO,SNO,Nok Air,DD,13:30,14:45,1ชม.15นาที,Direct,859,฿859,2026-01-26 14:57:00,airpaz.com
2026-07-21,BKKA,DMK,SNO,SNO,Nok Air,DD,6:30,7:45,1ชม.15นาที,Direct,868,฿868,2026-01-26 14:57:00,airpaz.com
2026-07-21,BKKA,DMK,SNO,SNO,Thai AirAsia,FD,7:30,8:40,1ชม.10นาที,Direct,968,฿968,2026-01-26 14:57:00,airpaz.com
2026-07-21,BKKA,DMK,SNO,SNO,Thai AirAsia,FD,13:35,14:50,1ชม.15นาที,Direct,984,฿984,2026-01-26 14:57:00,airpaz.com
2026-07-22,BKKA,DMK,SNO,SNO,Nok Air,DD,13:30,14:45,1ชม.15นาที,Direct,859,฿859,2026-01-26 14:57:28,airpaz.com
2026-07-22,BKKA,DMK,SNO,SNO,Nok Air,DD,7:15,8:30,1ชม.15นาที,Direct,868,฿868,2026-01-26 14:57:28,airpaz.com
2026-07-22,BKKA,DMK,SNO,SNO,Thai AirAsia,FD,7:30,8:40,1ชม.10นาที,Direct,968,฿968,2026-01-26 14:57:28,airpaz.com
2026-07-22,BKKA,DMK,SNO,SNO,Thai AirAsia,FD,13:35,14:50,1ชม.15นาที,Direct,984,฿984,2026-01-26 14:57:28,airpaz.com
2026-07-23,BKKA,DMK,SNO,SNO,Nok Air,DD,13:30,14:45,1ชม.15นาที,Direct,859,฿859,2026-01-26 14:57:57,airpaz.com
2026-07-23,BKKA,DMK,SNO,SNO,Nok Air,DD,6:30,7:45,1ชม.15นาที,Direct,868,฿868,2026-01-26 14:57:57,airpaz.com
2026-07-23,BKKA,DMK,SNO,SNO,Thai AirAsia,FD,7:30,8:40,1ชม.10นาที,Direct,968,฿968,2026-01-26 14:57:57,airpaz.com
2026-07-23,BKKA,DMK,SNO,SNO,Thai AirAsia,FD,13:35,14:50,1ชม.15นาที,Direct,984,฿984,2026-01-26 14:57:57,airpaz.com
2026-07-24,BKKA,DMK,SNO,SNO,Thai AirAsia,FD,7:30,8:40,1ชม.10นาที,Direct,968,฿968,2026-01-26 14:58:26,airpaz.com
2026-07-24,BKKA,DMK,SNO,SNO,Thai AirAsia,FD,13:35,14:50,1ชม.15นาที,Direct,984,฿984,2026-01-26 14:58:26,airpaz.com
2026-07-24,BKKA,DMK,SNO,SNO,Nok Air,DD,13:30,14:45,1ชม.15นาที,Direct,1765,"฿1,765",2026-01-26 14:58:26,airpaz.com
2026-07-24,BKKA,DMK,SNO,SNO,Nok Air,DD,7:15,8:30,1ชม.15นาที,Direct,1784,"฿1,784",2026-01-26 14:58:26,airpaz.com
2026-07-25,BKKA,DMK,SNO,SNO,Thai AirAsia,FD,7:30,8:40,1ชม.10นาที,Direct,968,฿968,2026-01-26 14:58:56,airpaz.com
2026-07-25,BKKA,DMK,SNO,SNO,Thai AirAsia,FD,13:35,14:50,1ชม.15นาที,Direct,984,฿984,2026-01-26 14:58:56,airpaz.com
2026-07-25,BKKA,DMK,SNO,SNO,Nok Air,DD,13:30,14:45,1ชม.15นาที,Direct,1765,"฿1,765",2026-01-26 14:58:56,airpaz.com
2026-07-25,BKKA,DMK,SNO,SNO,Nok Air,DD,6:30,7:45,1ชม.15นาที,Direct,1784,"฿1,784",2026-01-26 14:58:56,airpaz.com
2026-07-26,BKKA,DMK,SNO,SNO,Thai AirAsia,FD,7:30,8:40,1ชม.10นาที,Direct,1744,"฿1,744",2026-01-26 14:59:25,airpaz.com
2026-07-26,BKKA,DMK,SNO,SNO,Nok Air,DD,13:30,14:45,1ชม.15นาที,Direct,1765,"฿1,765",2026-01-26 14:59:25,airpaz.com
2026-07-26,BKKA,DMK,SNO,SNO,Thai AirAsia,FD,13:35,14:50,1ชม.15นาที,Direct,1772,"฿1,772",2026-01-26 14:59:25,airpaz.com
2026-07-26,BKKA,DMK,SNO,SNO,Nok Air,DD,7:15,8:30,1ชม.15นาที,Direct,1784,"฿1,784",2026-01-26 14:59:25,airpaz.com
2026-07-27,BKKA,DMK,SNO,SNO,Thai AirAsia,FD,7:30,8:40,1ชม.10นาที,Direct,1744,"฿1,744",2026-01-26 14:59:28,airpaz.com
2026-07-27,BKKA,DMK,SNO,SNO,Nok Air,DD,13:30,14:45,1ชม.15นาที,Direct,1765,"฿1,765",2026-01-26 14:59:28,airpaz.com
2026-07-27,BKKA,DMK,SNO,SNO,Thai AirAsia,FD,13:35,14:50,1ชม.15นาที,Direct,1772,"฿1,772",2026-01-26 14:59:28,airpaz.com
2026-07-27,BKKA,DMK,SNO,SNO,Nok Air,DD,7:15,8:30,1ชม.15นาที,Direct,1784,"฿1,784",2026-01-26 14:59:28,airpaz.com
2026-07-28,BKKA,DMK,SNO,SNO,Thai AirAsia,FD,7:30,8:40,1ชม.10นาที,Direct,1744,"฿1,744",2026-01-26 14:59:57,airpaz.com
2026-07-28,BKKA,DMK,SNO,SNO,Nok Air,DD,13:30,14:45,1ชม.15นาที,Direct,1765,"฿1,765",2026-01-26 14:59:57,airpaz.com
2026-07-28,BKKA,DMK,SNO,SNO,Thai AirAsia,FD,13:35,14:50,1ชม.15นาที,Direct,1772,"฿1,772",2026-01-26 14:59:57,airpaz.com
2026-07-28,BKKA,DMK,SNO,SNO,Nok Air,DD,6:30,7:45,1ชม.15นาที,Direct,1784,"฿1,784",2026-01-26 14:59:57,airpaz.com
2026-07-29,BKKA,DMK,SNO,SNO,Thai AirAsia,FD,7:30,8:40,1ชม.10นาที,Direct,1744,"฿1,744",2026-01-26 15:00:26,airpaz.com
2026-07-29,BKKA,DMK,SNO,SNO,Nok Air,DD,13:30,14:45,1ชม.15นาที,Direct,1765,"฿1,765",2026-01-26 15:00:26,airpaz.com
2026-07-29,BKKA,DMK,SNO,SNO,Thai AirAsia,FD,13:35,14:50,1ชม.15นาที,Direct,1772,"฿1,772",2026-01-26 15:00:26,airpaz.com
2026-07-29,BKKA,DMK,SNO,SNO,Nok Air,DD,7:15,8:30,1ชม.15นาที,Direct,1784,"฿1,784",2026-01-26 15:00:26,airpaz.com
2026-07-30,BKKA,DMK,SNO,SNO,Thai AirAsia,FD,7:30,8:40,1ชม.10นาที,Direct,1744,"฿1,744",2026-01-26 15:00:55,airpaz.com
2026-07-30,BKKA,DMK,SNO,SNO,Thai AirAsia,FD,13:35,14:50,1ชม.15นาที,Direct,1772,"฿1,772",2026-01-26 15:00:55,airpaz.com
2026-07-31,BKKA,DMK,SNO,SNO,Nok Air,DD,13:30,14:45,1ชม.15นาที,Direct,859,฿859,2026-01-26 15:00:58,airpaz.com
2026-07-31,BKKA,DMK,SNO,SNO,Nok Air,DD,6:30,7:45,1ชม.15นาที,Direct,868,฿868,2026-01-26 15:00:58,airpaz.com
2026-07-31,BKKA,DMK,SNO,SNO,Thai AirAsia,FD,7:30,8:40,1ชม.10นาที,Direct,1744,"฿1,744",2026-01-26 15:00:58,airpaz.com
2026-07-31,BKKA,DMK,SNO,SNO,Thai AirAsia,FD,13:35,14:50,1ชม.15นาที,Direct,1772,"฿1,772",2026-01-26 15:00:58,airpaz.com
2026-08-01,BKKA,DMK,SNO,SNO,Nok Air,DD,13:30,14:45,1ชม.15นาที,Direct,859,฿859,2026-01-26 15:01:27,airpaz.com
2026-08-01,BKKA,DMK,SNO,SNO,Nok Air,DD,6:30,7:45,1ชม.15นาที,Direct,868,฿868,2026-01-26 15:01:27,airpaz.com
2026-08-01,BKKA,DMK,SNO,SNO,Thai AirAsia,FD,7:30,8:40,1ชม.10นาที,Direct,968,฿968,2026-01-26 15:01:27,airpaz.com
2026-08-01,BKKA,DMK,SNO,SNO,Thai AirAsia,FD,13:35,14:50,1ชม.15นาที,Direct,984,฿984,2026-01-26 15:01:27,airpaz.com
2026-08-02,BKKA,DMK,SNO,SNO,Nok Air,DD,13:30,14:45,1ชม.15นาที,Direct,859,฿859,2026-01-26 15:01:55,airpaz.com
2026-08-02,BKKA,DMK,SNO,SNO,Nok Air,DD,7:15,8:30,1ชม.15นาที,Direct,868,฿868,2026-01-26 15:01:55,airpaz.com
2026-08-02,BKKA,DMK,SNO,SNO,Thai AirAsia,FD,7:30,8:40,1ชม.10นาที,Direct,968,฿968,2026-01-26 15:01:55,airpaz.com
2026-08-02,BKKA,DMK,SNO,SNO,Thai AirAsia,FD,13:35,14:50,1ชม.15นาที,Direct,984,฿984,2026-01-26 15:01:55,airpaz.com
2026-08-03,BKKA,DMK,SNO,SNO,Nok Air,DD,13:30,14:45,1ชม.15นาที,Direct,859,฿859,2026-01-26 15:02:25,airpaz.com
2026-08-03,BKKA,DMK,SNO,SNO,Nok Air,DD,7:15,8:30,1ชม.15นาที,Direct,868,฿868,2026-01-26 15:02:25,airpaz.com
2026-08-03,BKKA,DMK,SNO,SNO,Thai AirAsia,FD,7:30,8:40,1ชม.10นาที,Direct,968,฿968,2026-01-26 15:02:25,airpaz.com
2026-08-03,BKKA,DMK,SNO,SNO,Thai AirAsia,FD,13:35,14:50,1ชม.15นาที,Direct,984,฿984,2026-01-26 15:02:25,airpaz.com
2026-08-04,BKKA,DMK,SNO,SNO,Nok Air,DD,13:30,14:45,1ชม.15นาที,Direct,859,฿859,2026-01-26 15:02:54,airpaz.com
2026-08-04,BKKA,DMK,SNO,SNO,Nok Air,DD,6:30,7:45,1ชม.15นาที,Direct,868,฿868,2026-01-26 15:02:54,airpaz.com
2026-08-04,BKKA,DMK,SNO,SNO,Thai AirAsia,FD,7:30,8:40,1ชม.10นาที,Direct,968,฿968,2026-01-26 15:02:54,airpaz.com
2026-08-04,BKKA,DMK,SNO,SNO,Thai AirAsia,FD,13:35,14:50,1ชม.15นาที,Direct,984,฿984,2026-01-26 15:02:54,airpaz.com
2026-08-05,BKKA,DMK,SNO,SNO,Thai AirAsia,FD,7:30,8:40,1ชม.10นาที,Direct,968,฿968,2026-01-26 15:03:22,airpaz.com
2026-08-05,BKKA,DMK,SNO,SNO,Thai AirAsia,FD,13:35,14:50,1ชม.15นาที,Direct,984,฿984,2026-01-26 15:03:23,airpaz.com
2026-08-06,BKKA,DMK,SNO,SNO,Nok Air,DD,13:30,14:45,1ชม.15นาที,Direct,859,฿859,2026-01-26 15:03:51,airpaz.com
2026-08-06,BKKA,DMK,SNO,SNO,Nok Air,DD,6:30,7:45,1ชม.15นาที,Direct,868,฿868,2026-01-26 15:03:51,airpaz.com
2026-08-06,BKKA,DMK,SNO,SNO,Thai AirAsia,FD,7:30,8:40,1ชม.10นาที,Direct,968,฿968,2026-01-26 15:03:51,airpaz.com
2026-08-06,BKKA,DMK,SNO,SNO,Thai AirAsia,FD,13:35,14:50,1ชม.15นาที,Direct,984,฿984,2026-01-26 15:03:51,airpaz.com
2026-08-07,BKKA,DMK,SNO,SNO,Thai AirAsia,FD,7:30,8:40,1ชม.10นาที,Direct,968,฿968,2026-01-26 15:04:21,airpaz.com
2026-08-07,BKKA,DMK,SNO,SNO,Thai AirAsia,FD,13:35,14:50,1ชม.15นาที,Direct,984,฿984,2026-01-26 15:04:21,airpaz.com
2026-08-07,BKKA,DMK,SNO,SNO,Nok Air,DD,13:30,14:45,1ชม.15นาที,Direct,1765,"฿1,765",2026-01-26 15:04:21,airpaz.com
2026-08-07,BKKA,DMK,SNO,SNO,Nok Air,DD,7:15,8:30,1ชม.15นาที,Direct,1784,"฿1,784",2026-01-26 15:04:21,airpaz.com
2026-08-08,BKKA,DMK,SNO,SNO,Thai AirAsia,FD,13:35,14:50,1ชม.15นาที,Direct,984,฿984,2026-01-26 15:04:50,airpaz.com
2026-08-08,BKKA,DMK,SNO,SNO,Thai AirAsia,FD,7:30,8:40,1ชม.10นาที,Direct,1161,"฿1,161",2026-01-26 15:04:50,airpaz.com
2026-08-08,BKKA,DMK,SNO,SNO,Nok Air,DD,13:30,14:45,1ชม.15นาที,Direct,1765,"฿1,765",2026-01-26 15:04:50,airpaz.com
2026-08-08,BKKA,DMK,SNO,SNO,Nok Air,DD,6:30,7:45,1ชม.15นาที,Direct,1784,"฿1,784",2026-01-26 15:04:50,airpaz.com
2026-08-09,BKKA,DMK,SNO,SNO,Thai AirAsia,FD,7:30,8:40,1ชม.10นาที,Direct,968,฿968,2026-01-26 15:05:19,airpaz.com
2026-08-09,BKKA,DMK,SNO,SNO,Thai AirAsia,FD,13:35,14:50,1ชม.15นาที,Direct,984,฿984,2026-01-26 15:05:19,airpaz.com
2026-08-09,BKKA,DMK,SNO,SNO,Nok Air,DD,13:30,14:45,1ชม.15นาที,Direct,1765,"฿1,765",2026-01-26 15:05:19,airpaz.com
2026-08-09,BKKA,DMK,SNO,SNO,Nok Air,DD,7:15,8:30,1ชม.15นาที,Direct,1784,"฿1,784",2026-01-26 15:05:19,airpaz.com
2026-08-10,BKKA,DMK,SNO,SNO,Thai AirAsia,FD,7:30,8:40,1ชม.10นาที,Direct,968,฿968,2026-01-26 15:05:48,airpaz.com
2026-08-10,BKKA,DMK,SNO,SNO,Thai AirAsia,FD,13:35,14:50,1ชม.15นาที,Direct,984,฿984,2026-01-26 15:05:48,airpaz.com
2026-08-10,BKKA,DMK,SNO,SNO,Nok Air,DD,13:30,14:45,1ชม.15นาที,Direct,1765,"฿1,765",2026-01-26 15:05:48,airpaz.com
2026-08-10,BKKA,DMK,SNO,SNO,Nok Air,DD,7:15,8:30,1ชม.15นาที,Direct,1784,"฿1,784",2026-01-26 15:05:48,airpaz.com
2026-08-11,BKKA,DMK,SNO,SNO,Thai AirAsia,FD,7:30,8:40,1ชม.10นาที,Direct,968,฿968,2026-01-26 15:06:16,airpaz.com
2026-08-11,BKKA,DMK,SNO,SNO,Thai AirAsia,FD,13:35,14:50,1ชม.15นาที,Direct,984,฿984,2026-01-26 15:06:16,airpaz.com
2026-08-11,BKKA,DMK,SNO,SNO,Nok Air,DD,13:30,14:45,1ชม.15นาที,Direct,1050,"฿1,050",2026-01-26 15:06:16,airpaz.com
2026-08-11,BKKA,DMK,SNO,SNO,Nok Air,DD,6:30,7:45,1ชม.15นาที,Direct,1061,"฿1,061",2026-01-26 15:06:16,airpaz.com
2026-08-12,BKKA,DMK,SNO,SNO,Thai AirAsia,FD,7:30,8:40,1ชม.10นาที,Direct,968,฿968,2026-01-26 15:06:45,airpaz.com
2026-08-12,BKKA,DMK,SNO,SNO,Thai AirAsia,FD,13:35,14:50,1ชม.15นาที,Direct,984,฿984,2026-01-26 15:06:45,airpaz.com
2026-08-12,BKKA,DMK,SNO,SNO,Nok Air,DD,13:30,14:45,1ชม.15นาที,Direct,1050,"฿1,050",2026-01-26 15:06:45,airpaz.com
2026-08-12,BKKA,DMK,SNO,SNO,Nok Air,DD,7:15,8:30,1ชม.15นาที,Direct,1061,"฿1,061",2026-01-26 15:06:45,airpaz.com
2026-08-13,BKKA,DMK,SNO,SNO,Thai AirAsia,FD,7:30,8:40,1ชม.10นาที,Direct,968,฿968,2026-01-26 15:07:13,airpaz.com
2026-08-13,BKKA,DMK,SNO,SNO,Thai AirAsia,FD,13:35,14:50,1ชม.15นาที,Direct,984,฿984,2026-01-26 15:07:13,airpaz.com
2026-08-13,BKKA,DMK,SNO,SNO,Nok Air,DD,13:30,14:45,1ชม.15นาที,Direct,1050,"฿1,050",2026-01-26 15:07:13,airpaz.com
2026-08-13,BKKA,DMK,SNO,SNO,Nok Air,DD,6:30,7:45,1ชม.15นาที,Direct,1061,"฿1,061",2026-01-26 15:07:13,airpaz.com
2026-08-14,BKKA,DMK,SNO,SNO,Thai AirAsia,FD,7:30,8:40,1ชม.10นาที,Direct,968,฿968,2026-01-26 15:08:39,airpaz.com
2026-08-14,BKKA,DMK,SNO,SNO,Thai AirAsia,FD,13:35,14:50,1ชม.15นาที,Direct,984,฿984,2026-01-26 15:08:39,airpaz.com
2026-08-14,BKKA,DMK,SNO,SNO,Nok Air,DD,13:30,14:45,1ชม.15นาที,Direct,1050,"฿1,050",2026-01-26 15:08:39,airpaz.com
2026-08-14,BKKA,DMK,SNO,SNO,Nok Air,DD,7:15,8:30,1ชม.15นาที,Direct,1061,"฿1,061",2026-01-26 15:08:39,airpaz.com
2026-08-15,BKKA,DMK,SNO,SNO,Thai AirAsia,FD,7:30,8:40,1ชม.10นาที,Direct,968,฿968,2026-01-26 15:09:08,airpaz.com
2026-08-15,BKKA,DMK,SNO,SNO,Thai AirAsia,FD,13:35,14:50,1ชม.15นาที,Direct,984,฿984,2026-01-26 15:09:08,airpaz.com
2026-08-16,BKKA,DMK,SNO,SNO,Thai AirAsia,FD,7:30,8:40,1ชม.10นาที,Direct,968,฿968,2026-01-26 15:09:10,airpaz.com
2026-08-16,BKKA,DMK,SNO,SNO,Thai AirAsia,FD,13:35,14:50,1ชม.15นาที,Direct,984,฿984,2026-01-26 15:09:10,airpaz.com
2026-08-16,BKKA,DMK,SNO,SNO,Nok Air,DD,13:30,14:45,1ชม.15นาที,Direct,1050,"฿1,050",2026-01-26 15:09:10,airpaz.com
2026-08-16,BKKA,DMK,SNO,SNO,Nok Air,DD,6:30,7:45,1ชม.15นาที,Direct,1061,"฿1,061",2026-01-26 15:09:11,airpaz.com
2026-08-17,BKKA,DMK,SNO,SNO,Nok Air,DD,13:30,14:45,1ชม.15นาที,Direct,859,฿859,2026-01-26 15:09:39,airpaz.com
2026-08-17,BKKA,DMK,SNO,SNO,Nok Air,DD,7:15,8:30,1ชม.15นาที,Direct,868,฿868,2026-01-26 15:09:39,airpaz.com
2026-08-17,BKKA,DMK,SNO,SNO,Thai AirAsia,FD,7:30,8:40,1ชม.10นาที,Direct,968,฿968,2026-01-26 15:09:39,airpaz.com
2026-08-17,BKKA,DMK,SNO,SNO,Thai AirAsia,FD,13:35,14:50,1ชม.15นาที,Direct,984,฿984,2026-01-26 15:09:40,airpaz.com
2026-08-18,BKKA,DMK,SNO,SNO,Nok Air,DD,13:30,14:45,1ชม.15นาที,Direct,859,฿859,2026-01-26 15:10:08,airpaz.com
2026-08-18,BKKA,DMK,SNO,SNO,Nok Air,DD,6:30,7:45,1ชม.15นาที,Direct,868,฿868,2026-01-26 15:10:08,airpaz.com
2026-08-18,BKKA,DMK,SNO,SNO,Thai AirAsia,FD,7:30,8:40,1ชม.10นาที,Direct,968,฿968,2026-01-26 15:10:08,airpaz.com
2026-08-18,BKKA,DMK,SNO,SNO,Thai AirAsia,FD,13:35,14:50,1ชม.15นาที,Direct,984,฿984,2026-01-26 15:10:08,airpaz.com
2026-08-19,BKKA,DMK,SNO,SNO,Nok Air,DD,13:30,14:45,1ชม.15นาที,Direct,859,฿859,2026-01-26 15:10:37,airpaz.com
2026-08-19,BKKA,DMK,SNO,SNO,Nok Air,DD,7:15,8:30,1ชม.15นาที,Direct,868,฿868,2026-01-26 15:10:38,airpaz.com
2026-08-19,BKKA,DMK,SNO,SNO,Thai AirAsia,FD,7:30,8:40,1ชม.10นาที,Direct,968,฿968,2026-01-26 15:10:38,airpaz.com
2026-08-19,BKKA,DMK,SNO,SNO,Thai AirAsia,FD,13:35,14:50,1ชม.15นาที,Direct,984,฿984,2026-01-26 15:10:38,airpaz.com
2026-08-20,BKKA,DMK,SNO,SNO,Nok Air,DD,13:30,14:45,1ชม.15นาที,Direct,859,฿859,2026-01-26 15:11:06,airpaz.com
2026-08-20,BKKA,DMK,SNO,SNO,Nok Air,DD,6:30,7:45,1ชม.15นาที,Direct,868,฿868,2026-01-26 15:11:06,airpaz.com
2026-08-20,BKKA,DMK,SNO,SNO,Thai AirAsia,FD,7:30,8:40,1ชม.10นาที,Direct,968,฿968,2026-01-26 15:11:06,airpaz.com
2026-08-20,BKKA,DMK,SNO,SNO,Thai AirAsia,FD,13:35,14:50,1ชม.15นาที,Direct,984,฿984,2026-01-26 15:11:06,airpaz.com
2026-08-21,BKKA,DMK,SNO,SNO,Nok Air,DD,13:30,14:45,1ชม.15นาที,Direct,859,฿859,2026-01-26 15:11:35,airpaz.com
2026-08-21,BKKA,DMK,SNO,SNO,Nok Air,DD,7:15,8:30,1ชม.15นาที,Direct,868,฿868,2026-01-26 15:11:35,airpaz.com
2026-08-21,BKKA,DMK,SNO,SNO,Thai AirAsia,FD,7:30,8:40,1ชม.10นาที,Direct,968,฿968,2026-01-26 15:11:35,airpaz.com
2026-08-21,BKKA,DMK,SNO,SNO,Thai AirAsia,FD,13:35,14:50,1ชม.15นาที,Direct,984,฿984,2026-01-26 15:11:35,airpaz.com
2026-08-22,BKKA,DMK,SNO,SNO,Nok Air,DD,13:30,14:45,1ชม.15นาที,Direct,859,฿859,2026-01-26 15:12:04,airpaz.com
2026-08-22,BKKA,DMK,SNO,SNO,Nok Air,DD,6:30,7:45,1ชม.15นาที,Direct,868,฿868,2026-01-26 15:12:04,airpaz.com
2026-08-22,BKKA,DMK,SNO,SNO,Thai AirAsia,FD,7:30,8:40,1ชม.10นาที,Direct,968,฿968,2026-01-26 15:12:04,airpaz.com
2026-08-22,BKKA,DMK,SNO,SNO,Thai AirAsia,FD,13:35,14:50,1ชม.15นาที,Direct,984,฿984,2026-01-26 15:12:04,airpaz.com
2026-08-23,BKKA,DMK,SNO,SNO,Thai AirAsia,FD,7:30,8:40,1ชม.10นาที,Direct,968,฿968,2026-01-26 15:12:32,airpaz.com
2026-08-23,BKKA,DMK,SNO,SNO,Thai AirAsia,FD,13:35,14:50,1ชม.15นาที,Direct,984,฿984,2026-01-26 15:12:33,airpaz.com
2026-08-24,BKKA,DMK,SNO,SNO,Nok Air,DD,13:30,14:45,1ชม.15นาที,Direct,859,฿859,2026-01-26 15:13:01,airpaz.com
2026-08-24,BKKA,DMK,SNO,SNO,Nok Air,DD,7:15,8:30,1ชม.15นาที,Direct,868,฿868,2026-01-26 15:13:01,airpaz.com
2026-08-24,BKKA,DMK,SNO,SNO,Thai AirAsia,FD,7:30,8:40,1ชม.10นาที,Direct,968,฿968,2026-01-26 15:13:01,airpaz.com
2026-08-24,BKKA,DMK,SNO,SNO,Thai AirAsia,FD,13:35,14:50,1ชม.15นาที,Direct,984,฿984,2026-01-26 15:13:01,airpaz.com
2026-08-25,BKKA,DMK,SNO,SNO,Nok Air,DD,13:30,14:45,1ชม.15นาที,Direct,859,฿859,2026-01-26 15:13:30,airpaz.com
2026-08-25,BKKA,DMK,SNO,SNO,Nok Air,DD,6:30,7:45,1ชม.15นาที,Direct,868,฿868,2026-01-26 15:13:30,airpaz.com
2026-08-25,BKKA,DMK,SNO,SNO,Thai AirAsia,FD,7:30,8:40,1ชม.10นาที,Direct,968,฿968,2026-01-26 15:13:30,airpaz.com
2026-08-25,BKKA,DMK,SNO,SNO,Thai AirAsia,FD,13:35,14:50,1ชม.15นาที,Direct,984,฿984,2026-01-26 15:13:30,airpaz.com
2026-08-26,BKKA,DMK,SNO,SNO,Nok Air,DD,13:30,14:45,1ชม.15นาที,Direct,859,฿859,2026-01-26 15:13:58,airpaz.com
2026-08-26,BKKA,DMK,SNO,SNO,Nok Air,DD,7:15,8:30,1ชม.15นาที,Direct,868,฿868,2026-01-26 15:13:58,airpaz.com
2026-08-26,BKKA,DMK,SNO,SNO,Thai AirAsia,FD,7:30,8:40,1ชม.10นาที,Direct,968,฿968,2026-01-26 15:13:58,airpaz.com
2026-08-26,BKKA,DMK,SNO,SNO,Thai AirAsia,FD,13:35,14:50,1ชม.15นาที,Direct,984,฿984,2026-01-26 15:13:58,airpaz.com
2026-08-27,BKKA,DMK,SNO,SNO,Nok Air,DD,13:30,14:45,1ชม.15นาที,Direct,859,฿859,2026-01-26 15:14:01,airpaz.com
2026-08-27,BKKA,DMK,SNO,SNO,Nok Air,DD,7:15,8:30,1ชม.15นาที,Direct,868,฿868,2026-01-26 15:14:01,airpaz.com
2026-08-27,BKKA,DMK,SNO,SNO,Thai AirAsia,FD,7:30,8:40,1ชม.10นาที,Direct,968,฿968,2026-01-26 15:14:01,airpaz.com
2026-08-27,BKKA,DMK,SNO,SNO,Thai AirAsia,FD,13:35,14:50,1ชม.15นาที,Direct,984,฿984,2026-01-26 15:14:01,airpaz.com
2026-08-28,BKKA,DMK,SNO,SNO,Thai AirAsia,FD,7:30,8:40,1ชม.10นาที,Direct,968,฿968,2026-01-26 15:14:30,airpaz.com
2026-08-28,BKKA,DMK,SNO,SNO,Thai AirAsia,FD,13:35,14:50,1ชม.15นาที,Direct,984,฿984,2026-01-26 15:14:30,airpaz.com
2026-08-29,BKKA,DMK,SNO,SNO,Nok Air,DD,13:30,14:45,1ชม.15นาที,Direct,859,฿859,2026-01-26 15:14:59,airpaz.com
2026-08-29,BKKA,DMK,SNO,SNO,Nok Air,DD,6:30,7:45,1ชม.15นาที,Direct,868,฿868,2026-01-26 15:14:59,airpaz.com
2026-08-29,BKKA,DMK,SNO,SNO,Thai AirAsia,FD,7:30,8:40,1ชม.10นาที,Direct,968,฿968,2026-01-26 15:14:59,airpaz.com
2026-08-29,BKKA,DMK,SNO,SNO,Thai AirAsia,FD,13:35,14:50,1ชม.15นาที,Direct,984,฿984,2026-01-26 15:14:59,airpaz.com
2026-08-30,BKKA,DMK,SNO,SNO,Nok Air,DD,13:30,14:45,1ชม.15นาที,Direct,859,฿859,2026-01-26 15:15:28,airpaz.com
2026-08-30,BKKA,DMK,SNO,SNO,Nok Air,DD,7:15,8:30,1ชม.15นาที,Direct,868,฿868,2026-01-26 15:15:28,airpaz.com
2026-08-30,BKKA,DMK,SNO,SNO,Thai AirAsia,FD,7:30,8:40,1ชม.10นาที,Direct,968,฿968,2026-01-26 15:15:28,airpaz.com
2026-08-30,BKKA,DMK,SNO,SNO,Thai AirAsia,FD,13:35,14:50,1ชม.15นาที,Direct,984,฿984,2026-01-26 15:15:28,airpaz.com
2026-08-31,BKKA,DMK,SNO,SNO,Nok Air,DD,13:30,14:45,1ชม.15นาที,Direct,859,฿859,2026-01-26 15:15:57,airpaz.com
2026-08-31,BKKA,DMK,SNO,SNO,Nok Air,DD,7:15,8:30,1ชม.15นาที,Direct,868,฿868,2026-01-26 15:15:57,airpaz.com
2026-08-31,BKKA,DMK,SNO,SNO,Thai AirAsia,FD,7:30,8:40,1ชม.10นาที,Direct,968,฿968,2026-01-26 15:15:57,airpaz.com
2026-08-31,BKKA,DMK,SNO,SNO,Thai AirAsia,FD,13:35,14:50,1ชม.15นาที,Direct,984,฿984,2026-01-26 15:15:57,airpaz.com
2026-09-01,BKKA,DMK,SNO,SNO,Nok Air,DD,13:30,14:45,1ชม.15นาที,Direct,859,฿859,2026-01-26 15:16:26,airpaz.com
2026-09-01,BKKA,DMK,SNO,SNO,Nok Air,DD,6:30,7:45,1ชม.15นาที,Direct,868,฿868,2026-01-26 15:16:26,airpaz.com
2026-09-01,BKKA,DMK,SNO,SNO,Thai AirAsia,FD,7:30,8:40,1ชม.10นาที,Direct,968,฿968,2026-01-26 15:16:26,airpaz.com
2026-09-01,BKKA,DMK,SNO,SNO,Thai AirAsia,FD,13:35,14:50,1ชม.15นาที,Direct,984,฿984,2026-01-26 15:16:26,airpaz.com