date,airport,direction,time,destination,flight,airline,duration,raw_text,scraped_at
2026-03-24,BKK,departure,00:05,CDG Paris,TG930,TG,12h 45m,00:05 | Thai Airways | CDG Paris | TG930 | 12h 45m | DETAILS,2026-01-30T14:33:35.958391
2026-03-24,BKK,departure,00:05,LHR London,TG910,TG,13h 35m,00:05 | Thai Airways | LHR London | TG910 | 13h 35m | DETAILS,2026-01-30T14:33:36.021190
2026-03-24,BKK,departure,00:05,NGO Nagoya,TG644,TG,5h 25m,00:05 | Thai Airways | NGO Nagoya | TG644 | 5h 25m | DETAILS,2026-01-30T14:33:36.092814
2026-03-24,BKK,departure,00:05,OSL Oslo,TG954,TG,13h 0m,00:05 | Thai Airways | OSL Oslo | TG954 | 13h 0m | DETAILS,2026-01-30T14:33:36.155640
2026-03-24,BKK,departure,00:05,CPH Copenhagen,TG950,TG,12h 15m,00:05 | Thai Airways | CPH Copenhagen | TG950 | 12h 15m | DETAILS,2026-01-30T14:33:36.217667
2026-03-24,BKK,departure,00:05,ARN Stockholm,TG960,TG,12h 40m,00:05 | Thai Airways | ARN Stockholm | TG960 | 12h 40m | DETAILS,2026-01-30T14:33:36.279226
2026-03-24,BKK,departure,00:10,NRT Tokyo,NQ2,NQ,6h 5m,00:10 | Air Japan | NRT Tokyo | NQ2 | 6h 5m | DETAILS,2026-01-30T14:33:36.344071
2026-03-24,BKK,departure,00:30,BRU Brussels,TG934,TG,12h 35m,00:30 | Thai Airways | BRU Brussels | TG934 | 12h 35m | DETAILS,2026-01-30T14:33:36.410745
2026-03-24,BKK,departure,00:30,CKG Chongqing,OQ2362,OQ,3h 30m,00:30 | Chongqing Airlines | CKG Chongqing | OQ2362 | 3h 30m | DETAILS,2026-01-30T14:33:36.471581
2026-03-24,BKK,departure,00:35,ZRH Zurich,TG970,TG,12h 20m,00:35 | Thai Airways | ZRH Zurich | TG970 | 12h 20m | DETAILS,2026-01-30T14:33:36.533387
2026-03-24,BKK,departure,00:35,MXP Milan,TG940,TG,12h 35m,00:35 | Thai Airways | MXP Milan | TG940 | 12h 35m | DETAILS,2026-01-30T14:33:36.593704
2026-03-24,BKK,departure,00:40,PUS Busan,7C2552,7C,5h 20m,00:40 | Jeju Air | PUS Busan | 7C2552 | 5h 20m | DETAILS,2026-01-30T14:33:36.659922
2026-03-24,BKK,departure,00:50,PUS Busan,LJ22,LJ,5h 5m,00:50 | Jin Air | PUS Busan | LJ22 | 5h 5m | DETAILS,2026-01-30T14:33:36.724660
2026-03-24,BKK,departure,00:50,MUC Munich,TG924,TG,11h 55m,00:50 | Thai Airways | MUC Munich | TG924 | 11h 55m | DETAILS,2026-01-30T14:33:36.785220
2026-03-24,BKK,departure,00:55,ICN Seoul,KE654,KE,5h 20m,00:55 | Korean Air | ICN Seoul | KE654 | 5h 20m | DETAILS,2026-01-30T14:33:36.845654
2026-03-24,BKK,departure,01:00,ICN Seoul,7C2504,7C,5h 25m,01:00 | Jeju Air | ICN Seoul | 7C2504 | 5h 25m | DETAILS,2026-01-30T14:33:36.950533
2026-03-24,BKK,departure,01:00,FUK Fukuoka,TG648,TG,5h 10m,01:00 | Thai Airways | FUK Fukuoka | TG648 | 5h 10m | DETAILS,2026-01-30T14:33:37.082543
2026-03-24,BKK,departure,01:05,PEK Beijing,HU7996,HU,4h 45m,01:05 | Hainan Airlines | PEK Beijing | HU7996 | 4h 45m | DETAILS,2026-01-30T14:33:37.181335
2026-03-24,BKK,departure,01:05,DXB Dubai,EK385,EK,6h 50m,01:05 | Emirates | DXB Dubai | EK385 | 6h 50m | DETAILS,2026-01-30T14:33:37.278388
2026-03-24,BKK,departure,01:05,PKX Beijing,MU2072,MU,4h 50m,01:05 | China Eastern | PKX Beijing | MU2072 | 4h 50m | DETAILS,2026-01-30T14:33:37.396772
2026-03-24,BKK,departure,01:10,KIX Osaka,JL728,JL,5h 0m,01:10 | JAL | KIX Osaka | JL728 | 5h 0m | DETAILS,2026-01-30T14:33:37.505670
2026-03-24,BKK,departure,01:10,KIX Osaka,MM92,MM,5h 35m,01:10 | Peach Aviation | KIX Osaka | MM92 | 5h 35m | DETAILS,2026-01-30T14:33:37.711332
2026-03-24,BKK,departure,01:10,PVG Shanghai,TG662,TG,4h 15m,01:10 | Thai Airways | PVG Shanghai | TG662 | 4h 15m | DETAILS,2026-01-30T14:33:37.803288
2026-03-24,BKK,departure,01:10,TFU Chengdu,3U3938,3U,3h 0m,01:10 | Sichuan Airlines | TFU Chengdu | 3U3938 | 3h 0m | DETAILS,2026-01-30T14:33:37.905854
2026-03-24,BKK,departure,01:15,PNQ Pune,6E1096,6E,4h 5m,01:15 | IndiGo | PNQ Pune | 6E1096 | 4h 5m | DETAILS,2026-01-30T14:33:38.016155
2026-03-24,BKK,departure,01:15,PVG Shanghai,9C8756,9C,4h 25m,01:15 | Spring Airlines | PVG Shanghai | 9C8756 | 4h 25m | DETAILS,2026-01-30T14:33:38.110326
2026-03-24,BKK,departure,01:30,PEK Beijing,CA980,CA,4h 40m,01:30 | Air China | PEK Beijing | CA980 | 4h 40m | DETAILS,2026-01-30T14:33:38.206839
2026-03-24,BKK,departure,01:30,ICN Seoul,TW102,TW,5h 30m,01:30 | T´Way Air | ICN Seoul | TW102 | 5h 30m | DETAILS,2026-01-30T14:33:38.295978
2026-03-24,BKK,departure,01:35,ADD Addis Ababa,ET629,ET,8h 30m,01:35 | Ethiopian | ADD Addis Ababa | ET629 | 8h 30m | DETAILS,2026-01-30T14:33:38.396241
2026-03-24,BKK,departure,01:40,HKG Hong Kong,HB296,HB,3h 5m,01:40 | Greater Bay Airlines | HKG Hong Kong | HB296 | 3h 5m | DETAILS,2026-01-30T14:33:38.496379
2026-03-24,BKK,departure,01:45,XMN Xiamen,MF844,MF,3h 30m,01:45 | XiamenAir | XMN Xiamen | MF844 | 3h 30m | DETAILS,2026-01-30T14:33:38.592210
2026-03-24,BKK,departure,01:50,PVG Shanghai,HO1358,HO,4h 5m,01:50 | Juneyao Airlines | PVG Shanghai | HO1358 | 4h 5m | DETAILS,2026-01-30T14:33:38.691928
2026-03-24,BKK,departure,01:50,TPE Taipei,VZ566,VZ,3h 40m,01:50 | Vietjet Thailand | TPE Taipei | VZ566 | 3h 40m | DETAILS,2026-01-30T14:33:38.789759
2026-03-24,BKK,departure,01:55,HKG Hong Kong,HX780,HX,3h 0m,01:55 | Hong Kong Airlines | HKG Hong Kong | HX780 | 3h 0m | DETAILS,2026-01-30T14:33:40.335239
2026-03-24,BKK,departure,01:55,PVG Shanghai,FM850,FM,4h 15m,01:55 | Shanghai Airlines | PVG Shanghai | FM850 | 4h 15m | DETAILS,2026-01-30T14:33:40.406918
2026-03-24,BKK,departure,02:00,DXB Dubai,EK377,EK,6h 55m,02:00 | Emirates | DXB Dubai | EK377 | 6h 55m | DETAILS,2026-01-30T14:33:40.466179
2026-03-24,BKK,departure,02:00,DOH Doha,QR837,QR,7h 25m,02:00 | Qatar Airways | DOH Doha | QR837 | 7h 25m | DETAILS,2026-01-30T14:33:40.527758
2026-03-24,BKK,departure,02:05,ICN Seoul,KE656,KE,5h 35m,02:05 | Korean Air | ICN Seoul | KE656 | 5h 35m | DETAILS,2026-01-30T14:33:40.593003
2026-03-24,BKK,departure,02:10,CAN Guangzhou,CZ3036,CZ,2h 55m,02:10 | China Southern | CAN Guangzhou | CZ3036 | 2h 55m | DETAILS,2026-01-30T14:33:40.649970
2026-03-24,BKK,departure,02:15,TPE Taipei,BR206,BR,3h 35m,02:15 | EVA Air | TPE Taipei | BR206 | 3h 35m | DETAILS,2026-01-30T14:33:40.714232
2026-03-24,BKK,departure,02:20,NKG Nanjing,MU2804,MU,3h 50m,02:20 | China Eastern | NKG Nanjing | MU2804 | 3h 50m | DETAILS,2026-01-30T14:33:40.773595
2026-03-24,BKK,departure,02:20,RGN Yangon,8M391,8M,1h 20m,02:20 | MAI | RGN Yangon | 8M391 | 1h 20m | DETAILS,2026-01-30T14:33:40.835280
2026-03-24,BKK,departure,02:25,ICN Seoul,VZ850,VZ,5h 30m,02:25 | Vietjet Thailand | ICN Seoul | VZ850 | 5h 30m | DETAILS,2026-01-30T14:33:40.901648
2026-03-24,BKK,departure,02:30,PVG Shanghai,CA806,CA,4h 10m,02:30 | Air China | PVG Shanghai | CA806 | 4h 10m | DETAILS,2026-01-30T14:33:40.962255
2026-03-24,BKK,departure,02:30,TAE Daegu,TW106,TW,5h 10m,02:30 | T´Way Air | TAE Daegu | TW106 | 5h 10m | DETAILS,2026-01-30T14:33:41.021274
2026-03-24,BKK,departure,02:35,TPE Taipei,CI838,CI,3h 40m,02:35 | China Airlines | TPE Taipei | CI838 | 3h 40m | DETAILS,2026-01-30T14:33:41.083321
2026-03-24,BKK,departure,02:35,KMG Kunming,MU894,MU,2h 20m,02:35 | China Eastern | KMG Kunming | MU894 | 2h 20m | DETAILS,2026-01-30T14:33:41.146571
2026-03-24,BKK,departure,02:40,SZX Shenzhen,CZ8158,CZ,3h 30m,02:40 | China Southern | SZX Shenzhen | CZ8158 | 3h 30m | DETAILS,2026-01-30T14:33:41.206014
2026-03-24,BKK,departure,02:50,XIY Xian,9C6252,9C,3h 45m,02:50 | Spring Airlines | XIY Xian | 9C6252 | 3h 45m | DETAILS,2026-01-30T14:33:41.267676
2026-03-24,BKK,departure,02:55,DXB Dubai,EK371,EK,6h 40m,02:55 | Emirates | DXB Dubai | EK371 | 6h 40m | DETAILS,2026-01-30T14:33:41.335095
2026-03-24,BKK,departure,02:55,AUH Abu Dhabi,EY401,EY,6h 50m,02:55 | Etihad | AUH Abu Dhabi | EY401 | 6h 50m | DETAILS,2026-01-30T14:33:41.416662
2026-03-24,BKK,departure,03:00,DOH Doha,QR827,QR,7h 25m,03:00 | Qatar Airways | DOH Doha | QR827 | 7h 25m | DETAILS,2026-01-30T14:33:41.480763
2026-03-24,BKK,departure,03:00,CGO Zhengzhou,CZ3080,CZ,3h 50m,03:00 | China Southern | CGO Zhengzhou | CZ3080 | 3h 50m | DETAILS,2026-01-30T14:33:41.545349
2026-03-24,BKK,departure,03:05,TNA Jinan,SC8076,SC,4h 20m,03:05 | Shandong Airlines | TNA Jinan | SC8076 | 4h 20m | DETAILS,2026-01-30T14:33:41.612374
2026-03-24,BKK,departure,03:10,CAN Guangzhou,MU2078,MU,3h 45m,03:10 | China Eastern | CAN Guangzhou | MU2078 | 3h 45m | DETAILS,2026-01-30T14:33:41.669940
2026-03-24,BKK,departure,03:15,SZX Shenzhen,ZH306,ZH,2h 45m,03:15 | Shenzhen Airlines | SZX Shenzhen | ZH306 | 2h 45m | DETAILS,2026-01-30T14:33:41.732750
2026-03-24,BKK,departure,03:30,IKT Irkutsk,S76306,S7,6h 25m,03:30 | S7 Airlines | IKT Irkutsk | S76306 | 6h 25m | DETAILS,2026-01-30T14:33:41.800368
2026-03-24,BKK,departure,05:05,PVG Shanghai,FM848,FM,4h 30m,05:05 | Shanghai Airlines | PVG Shanghai | FM848 | 4h 30m | DETAILS,2026-01-30T14:33:41.858271
2026-03-24,BKK,departure,05:40,KUL Kuala Lumpur,MH797,MH,2h 15m,05:40 | Malaysia Airlines | KUL Kuala Lumpur | MH797 | 2h 15m | DETAILS,2026-01-30T14:33:41.922520
2026-03-24,BKK,departure,05:50,IST Istanbul,TK59,TK,10h 40m,05:50 | Turkish Airlines | IST Istanbul | TK59 | 10h 40m | DETAILS,2026-01-30T14:33:41.987440
2026-03-24,BKK,departure,05:55,CCU Kolkata,6E1058,6E,2h 55m,05:55 | IndiGo | CCU Kolkata | 6E1058 | 2h 55m | DETAILS,2026-01-30T14:33:42.047223
2026-03-24,BKK,departure,06:00,PBH Paro,KB153,KB,3h 15m,06:00 | Drukair | PBH Paro | KB153 | 3h 15m | DETAILS,2026-01-30T14:33:42.109200
2026-03-24,BKK,departure,06:00,USM Koh Samui,PG101,PG,1h 10m,06:00 | Bangkok Airways | USM Koh Samui | PG101 | 1h 10m | DETAILS,2026-01-30T14:33:42.171604
2026-03-24,BKK,departure,06:05,NST Nakhon Si Thammarat,VZ330,VZ,1h 25m,06:05 | Vietjet Thailand | NST Nakhon Si Thammarat | VZ330 | 1h 25m | DETAILS,2026-01-30T14:33:42.229109
2026-03-24,BKK,departure,06:10,USM Koh Samui,PG109,PG,1h 35m,06:10 | Bangkok Airways | USM Koh Samui | PG109 | 1h 35m | DETAILS,2026-01-30T14:33:42.289215
2026-03-24,BKK,departure,06:10,HKT Phuket,VZ302,VZ,1h 35m,06:10 | Vietjet Thailand | HKT Phuket | VZ302 | 1h 35m | DETAILS,2026-01-30T14:33:42.350437
2026-03-24,BKK,departure,06:30,USM Koh Samui,PG107,PG,1h 35m,06:30 | Bangkok Airways | USM Koh Samui | PG107 | 1h 35m | DETAILS,2026-01-30T14:33:42.409457
2026-03-24,BKK,departure,06:30,CEI Chiang Rai,VZ130,VZ,1h 25m,06:30 | Vietjet Thailand | CEI Chiang Rai | VZ130 | 1h 25m | DETAILS,2026-01-30T14:33:42.467761
2026-03-24,BKK,departure,06:30,CCU Kolkata,B3701,B3,2h 45m,06:30 | Bhutan Airlines | CCU Kolkata | B3701 | 2h 45m | DETAILS,2026-01-30T14:33:42.527502
2026-03-24,BKK,departure,06:35,KBV Krabi,FD4402,FD,1h 25m,06:35 | Thai AirAsia | KBV Krabi | FD4402 | 1h 25m | DETAILS,2026-01-30T14:33:42.593874
2026-03-24,BKK,departure,06:35,HDY Hat Yai,TG259,TG,1h 30m,06:35 | Thai Airways | HDY Hat Yai | TG259 | 1h 30m | DETAILS,2026-01-30T14:33:42.657525
2026-03-24,BKK,departure,06:35,CNX Chiang Mai,VZ100,VZ,1h 25m,06:35 | Vietjet Thailand | CNX Chiang Mai | VZ100 | 1h 25m | DETAILS,2026-01-30T14:33:42.714469
2026-03-24,BKK,departure,06:50,CEI Chiang Rai,FD4150,FD,1h 20m,06:50 | Thai AirAsia | CEI Chiang Rai | FD4150 | 1h 20m | DETAILS,2026-01-30T14:33:42.773749
2026-03-24,BKK,departure,06:50,HKT Phuket,VZ314,VZ,1h 35m,06:50 | Vietjet Thailand | HKT Phuket | VZ314 | 1h 35m | DETAILS,2026-01-30T14:33:42.836418
2026-03-24,BKK,departure,06:55,KKC Khon Kaen,TG40,TG,1h 0m,06:55 | Thai Airways | KKC Khon Kaen | TG40 | 1h 0m | DETAILS,2026-01-30T14:33:42.896653
2026-03-24,BKK,departure,06:55,UTH Udon Thani,TG2,TG,1h 5m,06:55 | Thai Airways | UTH Udon Thani | TG2 | 1h 5m | DETAILS,2026-01-30T14:33:42.963380
2026-03-24,BKK,departure,07:00,THS Sukhothai,PG211,PG,1h 20m,07:00 | Bangkok Airways | THS Sukhothai | PG211 | 1h 20m | DETAILS,2026-01-30T14:33:43.020606
2026-03-24,BKK,departure,07:00,USM Koh Samui,PG125,PG,1h 10m,07:00 | Bangkok Airways | USM Koh Samui | PG125 | 1h 10m | DETAILS,2026-01-30T14:33:43.079331
2026-03-24,BKK,departure,07:00,UBP Ubon Ratchathani,TG20,TG,1h 10m,07:00 | Thai Airways | UBP Ubon Ratchathani | TG20 | 1h 10m | DETAILS,2026-01-30T14:33:43.143406
2026-03-24,BKK,departure,07:00,DEL Delhi,TG323,TG,4h 25m,07:00 | Thai Airways | DEL Delhi | TG323 | 4h 25m | DETAILS,2026-01-30T14:33:43.207045
2026-03-24,BKK,departure,07:05,UTH Udon Thani,FD4350,FD,1h 5m,07:05 | Thai AirAsia | UTH Udon Thani | FD4350 | 1h 5m | DETAILS,2026-01-30T14:33:43.273457
2026-03-24,BKK,departure,07:05,KBV Krabi,VZ340,VZ,1h 25m,07:05 | Vietjet Thailand | KBV Krabi | VZ340 | 1h 25m | DETAILS,2026-01-30T14:33:43.336402
2026-03-24,BKK,departure,07:05,KKC Khon Kaen,VZ210,VZ,1h 5m,07:05 | Vietjet Thailand | KKC Khon Kaen | VZ210 | 1h 5m | DETAILS,2026-01-30T14:33:43.472365
2026-03-24,BKK,departure,07:10,NRT Tokyo,NH806,NH,5h 55m,07:10 | ANA | NRT Tokyo | NH806 | 5h 55m | DETAILS,2026-01-30T14:33:43.591179
2026-03-24,BKK,departure,07:10,HDY Hat Yai,VZ320,VZ,1h 30m,07:10 | Vietjet Thailand | HDY Hat Yai | VZ320 | 1h 30m | DETAILS,2026-01-30T14:33:43.698333
2026-03-24,BKK,departure,07:15,YVR Vancouver,AC66,AC,13h 25m,07:15 | Air Canada | YVR Vancouver | AC66 | 13h 25m | DETAILS,2026-01-30T14:33:43.806913
2026-03-24,BKK,departure,07:25,CNX Chiang Mai,TG102,TG,1h 20m,07:25 | Thai Airways | CNX Chiang Mai | TG102 | 1h 20m | DETAILS,2026-01-30T14:33:43.916419
2026-03-24,BKK,departure,07:25,KTI Phnom Penh,TG586,TG,1h 20m,07:25 | Thai Airways | KTI Phnom Penh | TG586 | 1h 20m | DETAILS,2026-01-30T14:33:44.020556
2026-03-24,BKK,departure,07:30,URT Surat Thani,FD4212,FD,1h 25m,07:30 | Thai AirAsia | URT Surat Thani | FD4212 | 1h 25m | DETAILS,2026-01-30T14:33:44.105420
2026-03-24,BKK,departure,07:30,USM Koh Samui,PG121,PG,1h 10m,07:30 | Bangkok Airways | USM Koh Samui | PG121 | 1h 10m | DETAILS,2026-01-30T14:33:44.197596
2026-03-24,BKK,departure,07:35,PER Perth,TG481,TG,6h 50m,07:35 | Thai Airways | PER Perth | TG481 | 6h 50m | DETAILS,2026-01-30T14:33:44.295537
2026-03-24,BKK,departure,07:35,KBV Krabi,TG241,TG,1h 20m,07:35 | Thai Airways | KBV Krabi | TG241 | 1h 20m | DETAILS,2026-01-30T14:33:44.403201
2026-03-24,BKK,departure,07:35,KBV Krabi,PG261,PG,1h 30m,07:35 | Bangkok Airways | KBV Krabi | PG261 | 1h 30m | DETAILS,2026-01-30T14:33:44.501112
2026-03-24,BKK,departure,07:40,HKT Phuket,TG201,TG,1h 30m,07:40 | Thai Airways | HKT Phuket | TG201 | 1h 30m | DETAILS,2026-01-30T14:33:44.599691
2026-03-24,BKK,departure,07:45,HAN Hanoi,TG560,TG,1h 50m,07:45 | Thai Airways | HAN Hanoi | TG560 | 1h 50m | DETAILS,2026-01-30T14:33:44.701005
2026-03-24,BKK,departure,07:45,SAI Siem Reap,TG588,TG,1h 0m,07:45 | Thai Airways | SAI Siem Reap | TG588 | 1h 0m | DETAILS,2026-01-30T14:33:44.792776
2026-03-24,BKK,departure,07:45,MNL Manila,TG620,TG,3h 10m,07:45 | Thai Airways | MNL Manila | TG620 | 3h 10m | DETAILS,2026-01-30T14:33:44.897247
2026-03-24,BKK,departure,07:45,SGN Ho Chi Minh City,TG550,TG,1h 30m,07:45 | Thai Airways | SGN Ho Chi Minh City | TG550 | 1h 30m | DETAILS,2026-01-30T14:33:45.000018
2026-03-24,BKK,departure,07:50,HKT Phuket,FD4124,FD,1h 40m,07:50 | Thai AirAsia | HKT Phuket | FD4124 | 1h 40m | DETAILS,2026-01-30T14:33:45.095253
2026-03-24,BKK,departure,07:50,KMG Kunming,MU9622,MU,2h 35m,07:50 | China Eastern | KMG Kunming | MU9622 | 2h 35m | DETAILS,2026-01-30T14:33:45.194250
2026-03-24,BKK,departure,07:55,HKG Hong Kong,CX756,CX,2h 50m,07:55 | Cathay Pacific | HKG Hong Kong | CX756 | 2h 50m | DETAILS,2026-01-30T14:33:45.495638
2026-03-24,BKK,departure,07:55,SAI Siem Reap,PG903,PG,1h 20m,07:55 | Bangkok Airways | SAI Siem Reap | PG903 | 1h 20m | DETAILS,2026-01-30T14:33:45.566792
2026-03-24,BKK,departure,08:00,HKT Phuket,PG271,PG,1h 35m,08:00 | Bangkok Airways | HKT Phuket | PG271 | 1h 35m | DETAILS,2026-01-30T14:33:45.631385
2026-03-24,BKK,departure,08:00,HKT Phuket,TG203,TG,1h 25m,08:00 | Thai Airways | HKT Phuket | TG203 | 1h 25m | DETAILS,2026-01-30T14:33:45.693803
2026-03-24,BKK,departure,08:00,NRT Tokyo,TG676,TG,5h 50m,08:00 | Thai Airways | NRT Tokyo | TG676 | 5h 50m | DETAILS,2026-01-30T14:33:45.758391
2026-03-24,BKK,departure,08:00,HKG Hong Kong,TG600,TG,2h 45m,08:00 | Thai Airways | HKG Hong Kong | TG600 | 2h 45m | DETAILS,2026-01-30T14:33:45.817408
2026-03-24,BKK,departure,08:00,SIN Singapore,TG403,TG,2h 15m,08:00 | Thai Airways | SIN Singapore | TG403 | 2h 15m | DETAILS,2026-01-30T14:33:45.876227
2026-03-24,BKK,departure,08:00,ICN Seoul,TG652,TG,5h 25m,08:00 | Thai Airways | ICN Seoul | TG652 | 5h 25m | DETAILS,2026-01-30T14:33:45.937324
2026-03-24,BKK,departure,08:00,HEL Helsinki,AY142,AY,12h 35m,08:00 | Finnair | HEL Helsinki | AY142 | 12h 35m | DETAILS,2026-01-30T14:33:46.000426
2026-03-24,BKK,departure,08:05,NRT Tokyo,JL708,JL,5h 55m,08:05 | JAL | NRT Tokyo | JL708 | 5h 55m | DETAILS,2026-01-30T14:33:46.059125
2026-03-24,BKK,departure,08:05,CNX Chiang Mai,PG215,PG,1h 20m,08:05 | Bangkok Airways | CNX Chiang Mai | PG215 | 1h 20m | DETAILS,2026-01-30T14:33:46.121718
2026-03-24,BKK,departure,08:05,USM Koh Samui,PG123,PG,1h 15m,08:05 | Bangkok Airways | USM Koh Samui | PG123 | 1h 15m | DETAILS,2026-01-30T14:33:46.185403
2026-03-24,BKK,departure,08:10,TDX Trat,PG301,PG,1h 0m,08:10 | Bangkok Airways | TDX Trat | PG301 | 1h 0m | DETAILS,2026-01-30T14:33:46.244025
2026-03-24,BKK,departure,08:10,CEI Chiang Rai,TG130,TG,1h 30m,08:10 | Thai Airways | CEI Chiang Rai | TG130 | 1h 30m | DETAILS,2026-01-30T14:33:46.308434
2026-03-24,BKK,departure,08:10,SHJ Sharjah,G9822,G9,7h 0m,08:10 | Air Arabia | SHJ Sharjah | G9822 | 7h 0m | DETAILS,2026-01-30T14:33:46.369840
2026-03-24,BKK,departure,08:15,KIX Osaka,TG672,TG,5h 30m,08:15 | Thai Airways | KIX Osaka | TG672 | 5h 30m | DETAILS,2026-01-30T14:33:46.431424
2026-03-24,BKK,departure,08:15,DAD Da Nang,VZ964,VZ,1h 40m,08:15 | Vietjet Thailand | DAD Da Nang | VZ964 | 1h 40m | DETAILS,2026-01-30T14:33:46.493862
2026-03-24,BKK,departure,08:15,TPE Taipei,TG632,TG,3h 30m,08:15 | Thai Airways | TPE Taipei | TG632 | 3h 30m | DETAILS,2026-01-30T14:33:46.555778
2026-03-24,BKK,departure,08:15,DOH Doha,QR831,QR,7h 25m,08:15 | Qatar Airways | DOH Doha | QR831 | 7h 25m | DETAILS,2026-01-30T14:33:46.611540
2026-03-24,BKK,departure,08:20,HKT Phuket,VZ300,VZ,1h 30m,08:20 | Vietjet Thailand | HKT Phuket | VZ300 | 1h 30m | DETAILS,2026-01-30T14:33:46.674565
2026-03-24,BKK,departure,08:20,CGK Jakarta,TG433,TG,3h 35m,08:20 | Thai Airways | CGK Jakarta | TG433 | 3h 35m | DETAILS,2026-01-30T14:33:46.735311
2026-03-24,BKK,departure,08:20,CAN Guangzhou,CZ362,CZ,2h 50m,08:20 | China Southern | CAN Guangzhou | CZ362 | 2h 50m | DETAILS,2026-01-30T14:33:46.798765
2026-03-24,BKK,departure,08:20,MEL Melbourne,TG461,TG,9h 0m,08:20 | Thai Airways | MEL Melbourne | TG461 | 9h 0m | DETAILS,2026-01-30T14:33:46.855797
2026-03-24,BKK,departure,08:30,HDY Hat Yai,FD4202,FD,1h 30m,08:30 | Thai AirAsia | HDY Hat Yai | FD4202 | 1h 30m | DETAILS,2026-01-30T14:33:46.916745
2026-03-24,BKK,departure,08:30,KTI Phnom Penh,VZ720,VZ,1h 15m,08:30 | Vietjet Thailand | KTI Phnom Penh | VZ720 | 1h 15m | DETAILS,2026-01-30T14:33:46.981321
2026-03-24,BKK,departure,08:30,SYD Sydney,TG475,TG,9h 20m,08:30 | Thai Airways | SYD Sydney | TG475 | 9h 20m | DETAILS,2026-01-30T14:33:47.040950
2026-03-24,BKK,departure,08:30,UTH Udon Thani,VZ200,VZ,1h 10m,08:30 | Vietjet Thailand | UTH Udon Thani | VZ200 | 1h 10m | DETAILS,2026-01-30T14:33:47.104122
2026-03-24,BKK,departure,08:45,KUL Kuala Lumpur,TG415,TG,2h 10m,08:45 | Thai Airways | KUL Kuala Lumpur | TG415 | 2h 10m | DETAILS,2026-01-30T14:33:47.159771
2026-03-24,BKK,departure,08:50,DEL Delhi,AI2333,AI,4h 45m,08:50 | Air India | DEL Delhi | AI2333 | 4h 45m | DETAILS,2026-01-30T14:33:47.217692
2026-03-24,BKK,departure,08:50,DPS Denpasar,TG431,TG,4h 25m,08:50 | Thai Airways | DPS Denpasar | TG431 | 4h 25m | DETAILS,2026-01-30T14:33:47.286363
2026-03-24,BKK,departure,08:55,AUH Abu Dhabi,EY403,EY,6h 50m,08:55 | Etihad | AUH Abu Dhabi | EY403 | 6h 50m | DETAILS,2026-01-30T14:33:47.345327
2026-03-24,BKK,departure,09:00,USM Koh Samui,PG119,PG,1h 35m,09:00 | Bangkok Airways | USM Koh Samui | PG119 | 1h 35m | DETAILS,2026-01-30T14:33:47.405832
2026-03-24,BKK,departure,09:00,CMB Colombo,UL403,UL,3h 30m,09:00 | SriLankan Airlines | CMB Colombo | UL403 | 3h 30m | DETAILS,2026-01-30T14:33:47.467305
2026-03-24,BKK,departure,09:00,MCT Muscat,WY818,WY,6h 10m,09:00 | Oman Air | MCT Muscat | WY818 | 6h 10m | DETAILS,2026-01-30T14:33:47.529111
2026-03-24,BKK,departure,09:05,DOH Doha,QR839,QR,7h 25m,09:05 | Qatar Airways | DOH Doha | QR839 | 7h 25m | DETAILS,2026-01-30T14:33:47.587324
2026-03-24,BKK,departure,09:05,TPE Taipei,VZ568,VZ,3h 40m,09:05 | Vietjet Thailand | TPE Taipei | VZ568 | 3h 40m | DETAILS,2026-01-30T14:33:47.649374
2026-03-24,BKK,departure,09:10,HND Tokyo,NH848,NH,5h 45m,09:10 | ANA | HND Tokyo | NH848 | 5h 45m | DETAILS,2026-01-30T14:33:47.713439
2026-03-24,BKK,departure,09:15,JJN Jinjiang,AQ1436,AQ,2h 45m,09:15 | 9 Air | JJN Jinjiang | AQ1436 | 2h 45m | DETAILS,2026-01-30T14:33:47.774403
2026-03-24,BKK,departure,09:15,SIN Singapore,TR609,TR,2h 40m,09:15 | Scoot | SIN Singapore | TR609 | 2h 40m | DETAILS,2026-01-30T14:33:47.835215
2026-03-24,BKK,departure,09:20,USM Koh Samui,PG127,PG,1h 15m,09:20 | Bangkok Airways | USM Koh Samui | PG127 | 1h 15m | DETAILS,2026-01-30T14:33:47.892810
2026-03-24,BKK,departure,09:20,RGN Yangon,UB20,UB,1h 25m,09:20 | Myanmar National Airlines | RGN Yangon | UB20 | 1h 25m | DETAILS,2026-01-30T14:33:47.958364
2026-03-24,BKK,departure,09:20,CEI Chiang Rai,VZ138,VZ,1h 25m,09:20 | Vietjet Thailand | CEI Chiang Rai | VZ138 | 1h 25m | DETAILS,2026-01-30T14:33:48.016244
2026-03-24,BKK,departure,09:20,MLE Male,PG711,PG,4h 35m,09:20 | Bangkok Airways | MLE Male | PG711 | 4h 35m | DETAILS,2026-01-30T14:33:48.081607
2026-03-24,BKK,departure,09:20,CAN Guangzhou,TG668,TG,3h 0m,09:20 | Thai Airways | CAN Guangzhou | TG668 | 3h 0m | DETAILS,2026-01-30T14:33:48.140534
2026-03-24,BKK,departure,09:25,PVG Shanghai,FM854,FM,4h 25m,09:25 | Shanghai Airlines | PVG Shanghai | FM854 | 4h 25m | DETAILS,2026-01-30T14:33:48.200752
2026-03-24,BKK,departure,09:30,DXB Dubai,EK375,EK,6h 45m,09:30 | Emirates | DXB Dubai | EK375 | 6h 45m | DETAILS,2026-01-30T14:33:48.258526
2026-03-24,BKK,departure,09:35,URT Surat Thani,VZ350,VZ,1h 15m,09:35 | Vietjet Thailand | URT Surat Thani | VZ350 | 1h 15m | DETAILS,2026-01-30T14:33:48.321262
2026-03-24,BKK,departure,09:35,SIN Singapore,SQ705,SQ,2h 35m,09:35 | Singapore Airlines | SIN Singapore | SQ705 | 2h 35m | DETAILS,2026-01-30T14:33:48.381519
2026-03-24,BKK,departure,09:40,ICN Seoul,KE660,KE,5h 25m,09:40 | Korean Air | ICN Seoul | KE660 | 5h 25m | DETAILS,2026-01-30T14:33:48.442782
2026-03-24,BKK,departure,09:40,HKT Phuket,TG205,TG,1h 30m,09:40 | Thai Airways | HKT Phuket | TG205 | 1h 30m | DETAILS,2026-01-30T14:33:48.579061
2026-03-24,BKK,departure,09:40,PQC Phu Quoc,VZ980,VZ,1h 20m,09:40 | Vietjet Thailand | PQC Phu Quoc | VZ980 | 1h 20m | DETAILS,2026-01-30T14:33:48.695308
2026-03-24,BKK,departure,09:45,RGN Yangon,TG301,TG,1h 20m,09:45 | Thai Airways | RGN Yangon | TG301 | 1h 20m | DETAILS,2026-01-30T14:33:48.798755
2026-03-24,BKK,departure,09:55,VTE Vientiane,QV442,QV,1h 15m,09:55 | Lao Airlines | VTE Vientiane | QV442 | 1h 15m | DETAILS,2026-01-30T14:33:48.895596
2026-03-24,BKK,departure,09:55,HND Tokyo,JL32,JL,5h 35m,09:55 | JAL | HND Tokyo | JL32 | 5h 35m | DETAILS,2026-01-30T14:33:49.000520
2026-03-24,BKK,departure,10:00,CNX Chiang Mai,PG223,PG,1h 20m,10:00 | Bangkok Airways | CNX Chiang Mai | PG223 | 1h 20m | DETAILS,2026-01-30T14:33:49.093796
2026-03-24,BKK,departure,10:05,TFU Chengdu,TG618,TG,2h 55m,10:05 | Thai Airways | TFU Chengdu | TG618 | 2h 55m | DETAILS,2026-01-30T14:33:49.188785
2026-03-24,BKK,departure,10:05,ALA Almaty,KC932,KC,7h 15m,10:05 | Air Astana | ALA Almaty | KC932 | 7h 15m | DETAILS,2026-01-30T14:33:49.283516
2026-03-24,BKK,departure,10:10,BOM Mumbai,6E1052,6E,5h 5m,10:10 | IndiGo | BOM Mumbai | 6E1052 | 5h 5m | DETAILS,2026-01-30T14:33:49.382233
2026-03-24,BKK,departure,10:10,PEK Beijing,TG614,TG,4h 40m,10:10 | Thai Airways | PEK Beijing | TG614 | 4h 40m | DETAILS,2026-01-30T14:33:49.480615
2026-03-24,BKK,departure,10:10,IST Istanbul,TK65,TK,10h 35m,10:10 | Turkish Airlines | IST Istanbul | TK65 | 10h 35m | DETAILS,2026-01-30T14:33:49.575246
2026-03-24,BKK,departure,10:15,USM Koh Samui,PG129,PG,1h 35m,10:15 | Bangkok Airways | USM Koh Samui | PG129 | 1h 35m | DETAILS,2026-01-30T14:33:49.673415
2026-03-24,BKK,departure,10:15,SVO Moscow,SU271,SU,10h 10m,10:15 | Aeroflot | SVO Moscow | SU271 | 10h 10m | DETAILS,2026-01-30T14:33:49.777764
2026-03-24,BKK,departure,10:15,CNX Chiang Mai,TG104,TG,1h 15m,10:15 | Thai Airways | CNX Chiang Mai | TG104 | 1h 15m | DETAILS,2026-01-30T14:33:49.881467
2026-03-24,BKK,departure,10:15,KTM Kathmandu,TG319,TG,3h 25m,10:15 | Thai Airways | KTM Kathmandu | TG319 | 3h 25m | DETAILS,2026-01-30T14:33:49.982041
2026-03-24,BKK,departure,10:15,RGN Yangon,8M336,8M,1h 20m,10:15 | MAI | RGN Yangon | 8M336 | 1h 20m | DETAILS,2026-01-30T14:33:50.085215
2026-03-24,BKK,departure,10:20,LPQ Luang Prabang,QV634,QV,2h 0m,10:20 | Lao Airlines | LPQ Luang Prabang | QV634 | 2h 0m | DETAILS,2026-01-30T14:33:50.198686
2026-03-24,BKK,departure,10:20,HKT Phuket,VZ304,VZ,1h 30m,10:20 | Vietjet Thailand | HKT Phuket | VZ304 | 1h 30m | DETAILS,2026-01-30T14:33:50.518440
2026-03-24,BKK,departure,10:20,USM Koh Samui,PG131,PG,1h 10m,10:20 | Bangkok Airways | USM Koh Samui | PG131 | 1h 10m | DETAILS,2026-01-30T14:33:50.601869
2026-03-24,BKK,departure,10:25,KKC Khon Kaen,TG42,TG,1h 0m,10:25 | Thai Airways | KKC Khon Kaen | TG42 | 1h 0m | DETAILS,2026-01-30T14:33:50.664101
2026-03-24,BKK,departure,10:25,CNX Chiang Mai,VZ102,VZ,1h 20m,10:25 | Vietjet Thailand | CNX Chiang Mai | VZ102 | 1h 20m | DETAILS,2026-01-30T14:33:50.724488
2026-03-24,BKK,departure,10:25,HKT Phuket,PG275,PG,1h 35m,10:25 | Bangkok Airways | HKT Phuket | PG275 | 1h 35m | DETAILS,2026-01-30T14:33:50.788707
2026-03-24,BKK,departure,10:30,CNX Chiang Mai,FD4104,FD,1h 20m,10:30 | Thai AirAsia | CNX Chiang Mai | FD4104 | 1h 20m | DETAILS,2026-01-30T14:33:50.851005
2026-03-24,BKK,departure,10:30,HKG Hong Kong,TG628,TG,2h 50m,10:30 | Thai Airways | HKG Hong Kong | TG628 | 2h 50m | DETAILS,2026-01-30T14:33:50.917398
2026-03-24,BKK,departure,10:35,PVG Shanghai,TG664,TG,4h 15m,10:35 | Thai Airways | PVG Shanghai | TG664 | 4h 15m | DETAILS,2026-01-30T14:33:50.977755
2026-03-24,BKK,departure,10:35,KTI Phnom Penh,K6723,K6,1h 5m,10:35 | Air Cambodia | KTI Phnom Penh | K6723 | 1h 5m | DETAILS,2026-01-30T14:33:51.041017
2026-03-24,BKK,departure,10:35,MFM Macau,NX995,NX,2h 50m,10:35 | Air Macau | MFM Macau | NX995 | 2h 50m | DETAILS,2026-01-30T14:33:51.103162
2026-03-24,BKK,departure,10:40,NST Nakhon Si Thammarat,FD4231,FD,1h 25m,10:40 | Thai AirAsia | NST Nakhon Si Thammarat | FD4231 | 1h 25m | DETAILS,2026-01-30T14:33:51.163919
2026-03-24,BKK,departure,10:40,HKG Hong Kong,UO705,UO,3h 0m,10:40 | HK Express | HKG Hong Kong | UO705 | 3h 0m | DETAILS,2026-01-30T14:33:51.226891
2026-03-24,BKK,departure,10:45,PVG Shanghai,FM842,FM,4h 15m,10:45 | Shanghai Airlines | PVG Shanghai | FM842 | 4h 15m | DETAILS,2026-01-30T14:33:51.289375
2026-03-24,BKK,departure,10:50,DEL Delhi,6E1064,6E,4h 35m,10:50 | IndiGo | DEL Delhi | 6E1064 | 4h 35m | DETAILS,2026-01-30T14:33:51.352191
2026-03-24,BKK,departure,10:50,NNG Nanning,GX8910,GX,2h 0m,10:50 | GX Airlines | NNG Nanning | GX8910 | 2h 0m | DETAILS,2026-01-30T14:33:51.414215
2026-03-24,BKK,departure,10:50,DAD Da Nang,VZ960,VZ,1h 40m,10:50 | Vietjet Thailand | DAD Da Nang | VZ960 | 1h 40m | DETAILS,2026-01-30T14:33:51.471221
2026-03-24,BKK,departure,10:55,DAC Dhaka,TG321,TG,2h 35m,10:55 | Thai Airways | DAC Dhaka | TG321 | 2h 35m | DETAILS,2026-01-30T14:33:51.530961
2026-03-24,BKK,departure,10:55,KMG Kunming,TG612,TG,2h 10m,10:55 | Thai Airways | KMG Kunming | TG612 | 2h 10m | DETAILS,2026-01-30T14:33:51.599884
2026-03-24,BKK,departure,10:55,TPE Taipei,CI834,CI,3h 30m,10:55 | China Airlines | TPE Taipei | CI834 | 3h 30m | DETAILS,2026-01-30T14:33:51.662069
2026-03-24,BKK,departure,10:55,LPQ Luang Prabang,PG941,PG,2h 10m,10:55 | Bangkok Airways | LPQ Luang Prabang | PG941 | 2h 10m | DETAILS,2026-01-30T14:33:51.730864
2026-03-24,BKK,departure,11:00,GAY Gaya,TG327,TG,3h 10m,11:00 | Thai Airways | GAY Gaya | TG327 | 3h 10m | DETAILS,2026-01-30T14:33:51.799396
2026-03-24,BKK,departure,11:00,HDY Hat Yai,VZ324,VZ,1h 30m,11:00 | Vietjet Thailand | HDY Hat Yai | VZ324 | 1h 30m | DETAILS,2026-01-30T14:33:51.867470
2026-03-24,BKK,departure,11:05,UBP Ubon Ratchathani,VZ220,VZ,1h 10m,11:05 | Vietjet Thailand | UBP Ubon Ratchathani | VZ220 | 1h 10m | DETAILS,2026-01-30T14:33:51.935441
2026-03-24,BKK,departure,11:05,KUL Kuala Lumpur,MH785,MH,2h 20m,11:05 | Malaysia Airlines | KUL Kuala Lumpur | MH785 | 2h 20m | DETAILS,2026-01-30T14:33:52.013268
2026-03-24,BKK,departure,11:10,KKC Khon Kaen,FD4501,FD,1h 20m,11:10 | Thai AirAsia | KKC Khon Kaen | FD4501 | 1h 20m | DETAILS,2026-01-30T14:33:52.076043
2026-03-24,BKK,departure,11:10,HAK Haikou,HU7940,HU,2h 15m,11:10 | Hainan Airlines | HAK Haikou | HU7940 | 2h 15m | DETAILS,2026-01-30T14:33:52.137974
2026-03-24,BKK,departure,11:15,MNL Manila,5J930,5J,3h 45m,11:15 | Cebu Pacific | MNL Manila | 5J930 | 3h 45m | DETAILS,2026-01-30T14:33:52.198536
2026-03-24,BKK,departure,11:15,NAW Narathiwat,FD4252,FD,1h 40m,11:15 | Thai AirAsia | NAW Narathiwat | FD4252 | 1h 40m | DETAILS,2026-01-30T14:33:52.258262
2026-03-24,BKK,departure,11:15,USM Koh Samui,PG157,PG,1h 35m,11:15 | Bangkok Airways | USM Koh Samui | PG157 | 1h 35m | DETAILS,2026-01-30T14:33:52.317561
2026-03-24,BKK,departure,11:20,TPE Taipei,BR62,BR,3h 40m,11:20 | EVA Air | TPE Taipei | BR62 | 3h 40m | DETAILS,2026-01-30T14:33:52.385124
2026-03-24,BKK,departure,11:20,SAI Siem Reap,PG905,PG,1h 20m,11:20 | Bangkok Airways | SAI Siem Reap | PG905 | 1h 20m | DETAILS,2026-01-30T14:33:52.447419
2026-03-24,BKK,departure,11:20,SGN Ho Chi Minh City,VN600,VN,1h 45m,11:20 | Vietnam Airlines | SGN Ho Chi Minh City | VN600 | 1h 45m | DETAILS,2026-01-30T14:33:52.505464
2026-03-24,BKK,departure,11:25,USM Koh Samui,PG133,PG,1h 10m,11:25 | Bangkok Airways | USM Koh Samui | PG133 | 1h 10m | DETAILS,2026-01-30T14:33:52.563753
2026-03-24,BKK,departure,11:25,CAN Guangzhou,CZ358,CZ,3h 0m,11:25 | China Southern | CAN Guangzhou | CZ358 | 3h 0m | DETAILS,2026-01-30T14:33:52.625815
2026-03-24,BKK,departure,11:25,MDL Mandalay,8M338,8M,1h 50m,11:25 | MAI | MDL Mandalay | 8M338 | 1h 50m | DETAILS,2026-01-30T14:33:52.690529
2026-03-24,BKK,departure,11:30,SHJ Sharjah,G9824,G9,7h 0m,11:30 | Air Arabia | SHJ Sharjah | G9824 | 7h 0m | DETAILS,2026-01-30T14:33:52.756626
2026-03-24,BKK,departure,11:30,HKT Phuket,TG207,TG,1h 30m,11:30 | Thai Airways | HKT Phuket | TG207 | 1h 30m | DETAILS,2026-01-30T14:33:52.821297
2026-03-24,BKK,departure,11:30,SIN Singapore,TG413,TG,2h 20m,11:30 | Thai Airways | SIN Singapore | TG413 | 2h 20m | DETAILS,2026-01-30T14:33:52.881193
2026-03-24,BKK,departure,11:35,CDG Paris,AF199,AF,13h 0m,11:35 | Air France | CDG Paris | AF199 | 13h 0m | DETAILS,2026-01-30T14:33:52.943051
2026-03-24,BKK,departure,11:35,PQC Phu Quoc,VZ984,VZ,1h 20m,11:35 | Vietjet Thailand | PQC Phu Quoc | VZ984 | 1h 20m | DETAILS,2026-01-30T14:33:53.010311
2026-03-24,BKK,departure,11:35,KWI Kuwait,KU412,KU,7h 40m,11:35 | Kuwait Airways | KWI Kuwait | KU412 | 7h 40m | DETAILS,2026-01-30T14:33:53.075764
2026-03-24,BKK,departure,11:35,KTI Phnom Penh,KR702,KR,1h 15m,11:35 | Cambodia Airways | KTI Phnom Penh | KR702 | 1h 15m | DETAILS,2026-01-30T14:33:53.137240
2026-03-24,BKK,departure,11:40,CXR Nha Trang,VZ968,VZ,1h 50m,11:40 | Vietjet Thailand | CXR Nha Trang | VZ968 | 1h 50m | DETAILS,2026-01-30T14:33:53.199355
2026-03-24,BKK,departure,11:40,HKG Hong Kong,CX750,CX,2h 50m,11:40 | Cathay Pacific | HKG Hong Kong | CX750 | 2h 50m | DETAILS,2026-01-30T14:33:53.266770
2026-03-24,BKK,departure,11:45,NNG Nanning,9C7486,9C,2h 20m,11:45 | Spring Airlines | NNG Nanning | 9C7486 | 2h 20m | DETAILS,2026-01-30T14:33:53.327605
2026-03-24,BKK,departure,11:45,SGN Ho Chi Minh City,VJ802,VJ,1h 25m,11:45 | VietJet | SGN Ho Chi Minh City | VJ802 | 1h 25m | DETAILS,2026-01-30T14:33:53.388745
2026-03-24,BKK,departure,11:45,CKG Chongqing,HU424,HU,3h 30m,11:45 | Hainan Airlines | CKG Chongqing | HU424 | 3h 30m | DETAILS,2026-01-30T14:33:53.450882
2026-03-24,BKK,departure,11:50,SIN Singapore,TR607,TR,2h 40m,11:50 | Scoot | SIN Singapore | TR607 | 2h 40m | DETAILS,2026-01-30T14:33:53.516362
2026-03-24,BKK,departure,11:55,USM Koh Samui,PG135,PG,1h 10m,11:55 | Bangkok Airways | USM Koh Samui | PG135 | 1h 10m | DETAILS,2026-01-30T14:33:53.576775
2026-03-24,BKK,departure,11:55,KHH Kaohsiung,TG630,TG,3h 20m,11:55 | Thai Airways | KHH Kaohsiung | TG630 | 3h 20m | DETAILS,2026-01-30T14:33:53.699056
2026-03-24,BKK,departure,11:55,VTE Vientiane,TG570,TG,1h 10m,11:55 | Thai Airways | VTE Vientiane | TG570 | 1h 10m | DETAILS,2026-01-30T14:33:53.827138
2026-03-24,BKK,departure,12:00,FOC Fuzhou,9C7302,9C,3h 30m,12:00 | Spring Airlines | FOC Fuzhou | 9C7302 | 3h 30m | DETAILS,2026-01-30T14:33:53.913204
2026-03-24,BKK,departure,12:00,CNX Chiang Mai,TG106,TG,1h 20m,12:00 | Thai Airways | CNX Chiang Mai | TG106 | 1h 20m | DETAILS,2026-01-30T14:33:54.008099
2026-03-24,BKK,departure,12:00,SIN Singapore,SQ707,SQ,2h 35m,12:00 | Singapore Airlines | SIN Singapore | SQ707 | 2h 35m | DETAILS,2026-01-30T14:33:54.107769
2026-03-24,BKK,departure,12:05,HKT Phuket,FD4110,FD,1h 40m,12:05 | Thai AirAsia | HKT Phuket | FD4110 | 1h 40m | DETAILS,2026-01-30T14:33:54.202831
2026-03-24,BKK,departure,12:10,SZX Shenzhen,ZH310,ZH,2h 50m,12:10 | Shenzhen Airlines | SZX Shenzhen | ZH310 | 2h 50m | DETAILS,2026-01-30T14:33:54.296249
2026-03-24,BKK,departure,12:10,IKT Irkutsk,S76308,S7,6h 35m,12:10 | S7 Airlines | IKT Irkutsk | S76308 | 6h 35m | DETAILS,2026-01-30T14:33:54.395484
2026-03-24,BKK,departure,12:10,SZX Shenzhen,CZ8076,CZ,2h 45m,12:10 | China Southern | SZX Shenzhen | CZ8076 | 2h 45m | DETAILS,2026-01-30T14:33:54.498272
2026-03-24,BKK,departure,12:10,CNX Chiang Mai,VZ110,VZ,1h 25m,12:10 | Vietjet Thailand | CNX Chiang Mai | VZ110 | 1h 25m | DETAILS,2026-01-30T14:33:54.598136
2026-03-24,BKK,departure,12:15,AMS Amsterdam,KL844,KL,12h 30m,12:15 | KLM | AMS Amsterdam | KL844 | 12h 30m | DETAILS,2026-01-30T14:33:54.693687
2026-03-24,BKK,departure,12:15,FCO Rome,AZ759,AZ,12h 40m,12:15 | ITA Airways | FCO Rome | AZ759 | 12h 40m | DETAILS,2026-01-30T14:33:54.792908
2026-03-24,BKK,departure,12:15,XMN Xiamen,MF854,MF,3h 10m,12:15 | XiamenAir | XMN Xiamen | MF854 | 3h 10m | DETAILS,2026-01-30T14:33:54.890130
2026-03-24,BKK,departure,12:20,ICN Seoul,OZ744,OZ,5h 20m,12:20 | Asiana | ICN Seoul | OZ744 | 5h 20m | DETAILS,2026-01-30T14:33:54.991094
2026-03-24,BKK,departure,12:20,HAN Hanoi,VN610,VN,1h 55m,12:20 | Vietnam Airlines | HAN Hanoi | VN610 | 1h 55m | DETAILS,2026-01-30T14:33:55.092066
2026-03-24,BKK,departure,12:25,CNX Chiang Mai,PG225,PG,1h 20m,12:25 | Bangkok Airways | CNX Chiang Mai | PG225 | 1h 20m | DETAILS,2026-01-30T14:33:55.195253
2026-03-24,BKK,departure,12:25,CEI Chiang Rai,TG132,TG,1h 30m,12:25 | Thai Airways | CEI Chiang Rai | TG132 | 1h 30m | DETAILS,2026-01-30T14:33:55.288870
2026-03-24,BKK,departure,12:25,CAN Guangzhou,CZ8080,CZ,2h 55m,12:25 | China Southern | CAN Guangzhou | CZ8080 | 2h 55m | DETAILS,2026-01-30T14:33:55.388841
2026-03-24,BKK,departure,12:30,HDY Hat Yai,TG263,TG,1h 30m,12:30 | Thai Airways | HDY Hat Yai | TG263 | 1h 30m | DETAILS,2026-01-30T14:33:55.681777
2026-03-24,BKK,departure,12:30,UTH Udon Thani,TG4,TG,1h 10m,12:30 | Thai Airways | UTH Udon Thani | TG4 | 1h 10m | DETAILS,2026-01-30T14:33:55.759353
2026-03-24,BKK,departure,12:30,LGW London,Z0792,Z0,13h 0m,12:30 | Norse Atlantic UK | LGW London | Z0792 | 13h 0m | DETAILS,2026-01-30T14:33:55.822244
2026-03-24,BKK,departure,12:35,CNX Chiang Mai,FD4106,FD,1h 25m,12:35 | Thai AirAsia | CNX Chiang Mai | FD4106 | 1h 25m | DETAILS,2026-01-30T14:33:55.882689
2026-03-24,BKK,departure,12:35,DPS Denpasar,TG439,TG,4h 25m,12:35 | Thai Airways | DPS Denpasar | TG439 | 4h 25m | DETAILS,2026-01-30T14:33:55.944450
2026-03-24,BKK,departure,12:40,LHR London,BR67,BR,13h 25m,12:40 | EVA Air | LHR London | BR67 | 13h 25m | DETAILS,2026-01-30T14:33:56.004230
2026-03-24,BKK,departure,12:40,HKT Phuket,PG273,PG,1h 35m,12:40 | Bangkok Airways | HKT Phuket | PG273 | 1h 35m | DETAILS,2026-01-30T14:33:56.066763
2026-03-24,BKK,departure,12:40,FRA Frankfurt,TG922,TG,12h 25m,12:40 | Thai Airways | FRA Frankfurt | TG922 | 12h 25m | DETAILS,2026-01-30T14:33:56.127272
2026-03-24,BKK,departure,12:40,OSL Oslo,N092,N0,13h 15m,12:40 | Norse | OSL Oslo | N092 | 13h 15m | DETAILS,2026-01-30T14:33:56.190968
2026-03-24,BKK,departure,12:40,YCU Yuncheng,ZH282,ZH,3h 50m,12:40 | Shenzhen Airlines | YCU Yuncheng | ZH282 | 3h 50m | DETAILS,2026-01-30T14:33:56.247542
2026-03-24,BKK,departure,12:45,TDX Trat,PG305,PG,1h 0m,12:45 | Bangkok Airways | TDX Trat | PG305 | 1h 0m | DETAILS,2026-01-30T14:33:56.311785
2026-03-24,BKK,departure,12:45,TPE Taipei,BR212,BR,3h 30m,12:45 | EVA Air | TPE Taipei | BR212 | 3h 30m | DETAILS,2026-01-30T14:33:56.373455
2026-03-24,BKK,departure,12:45,HKG Hong Kong,CX788,CX,2h 55m,12:45 | Cathay Pacific | HKG Hong Kong | CX788 | 2h 55m | DETAILS,2026-01-30T14:33:56.436290
2026-03-24,BKK,departure,12:50,HGH Hangzhou,JD420,JD,3h 50m,12:50 | Capital Airlines | HGH Hangzhou | JD420 | 3h 50m | DETAILS,2026-01-30T14:33:56.496270
2026-03-24,BKK,departure,12:50,TPE Taipei,TG634,TG,3h 30m,12:50 | Thai Airways | TPE Taipei | TG634 | 3h 30m | DETAILS,2026-01-30T14:33:56.557546
2026-03-24,BKK,departure,13:05,MAA Chennai,6E1062,6E,3h 35m,13:05 | IndiGo | MAA Chennai | 6E1062 | 3h 35m | DETAILS,2026-01-30T14:33:56.620653
2026-03-24,BKK,departure,13:05,HKG Hong Kong,CX618,CX,2h 55m,13:05 | Cathay Pacific | HKG Hong Kong | CX618 | 2h 55m | DETAILS,2026-01-30T14:33:56.679401
2026-03-24,BKK,departure,13:10,NST Nakhon Si Thammarat,VZ334,VZ,1h 20m,13:10 | Vietjet Thailand | NST Nakhon Si Thammarat | VZ334 | 1h 20m | DETAILS,2026-01-30T14:33:56.740402
2026-03-24,BKK,departure,13:15,KTI Phnom Penh,TK52,TK,1h 25m,13:15 | Turkish Airlines | KTI Phnom Penh | TK52 | 1h 25m | DETAILS,2026-01-30T14:33:56.799232
2026-03-24,BKK,departure,13:15,ZRH Zurich,LX181,LX,12h 10m,13:15 | SWISS | ZRH Zurich | LX181 | 12h 10m | DETAILS,2026-01-30T14:33:56.859218
2026-03-24,BKK,departure,13:15,UTH Udon Thani,VZ204,VZ,1h 10m,13:15 | Vietjet Thailand | UTH Udon Thani | VZ204 | 1h 10m | DETAILS,2026-01-30T14:33:56.918370
2026-03-24,BKK,departure,13:20,LHR London,TG916,TG,13h 15m,13:20 | Thai Airways | LHR London | TG916 | 13h 15m | DETAILS,2026-01-30T14:33:56.979167
2026-03-24,BKK,departure,13:20,MNL Manila,PR731,PR,3h 45m,13:20 | PAL | MNL Manila | PR731 | 3h 45m | DETAILS,2026-01-30T14:33:57.039194
2026-03-24,BKK,departure,13:25,CEI Chiang Rai,VZ132,VZ,1h 25m,13:25 | Vietjet Thailand | CEI Chiang Rai | VZ132 | 1h 25m | DETAILS,2026-01-30T14:33:57.104270
2026-03-24,BKK,departure,13:30,CNX Chiang Mai,TG110,TG,1h 15m,13:30 | Thai Airways | CNX Chiang Mai | TG110 | 1h 15m | DETAILS,2026-01-30T14:33:57.159242
2026-03-24,BKK,departure,13:35,PVG Shanghai,MU542,MU,4h 10m,13:35 | China Eastern | PVG Shanghai | MU542 | 4h 10m | DETAILS,2026-01-30T14:33:57.222504
2026-03-24,BKK,departure,13:40,HKT Phuket,VZ2300,VZ,1h 35m,13:40 | Vietjet Thailand | HKT Phuket | VZ2300 | 1h 35m | DETAILS,2026-01-30T14:33:57.287198
2026-03-24,BKK,departure,13:45,HKG Hong Kong,EK384,EK,2h 55m,13:45 | Emirates | HKG Hong Kong | EK384 | 2h 55m | DETAILS,2026-01-30T14:33:57.346383
2026-03-24,BKK,departure,13:45,TPE Taipei,JX742,JX,3h 40m,13:45 | Starlux | TPE Taipei | JX742 | 3h 40m | DETAILS,2026-01-30T14:33:57.408280
2026-03-24,BKK,departure,13:45,TFU Chengdu,9C7502,9C,3h 0m,13:45 | Spring Airlines | TFU Chengdu | 9C7502 | 3h 0m | DETAILS,2026-01-30T14:33:57.471407
2026-03-24,BKK,departure,13:45,USM Koh Samui,PG145,PG,1h 10m,13:45 | Bangkok Airways | USM Koh Samui | PG145 | 1h 10m | DETAILS,2026-01-30T14:33:57.530879
2026-03-24,BKK,departure,13:50,PVG Shanghai,9C7422,9C,4h 10m,13:50 | Spring Airlines | PVG Shanghai | 9C7422 | 4h 10m | DETAILS,2026-01-30T14:33:57.593886
2026-03-24,BKK,departure,13:50,TFU Chengdu,CA466,CA,3h 10m,13:50 | Air China | TFU Chengdu | CA466 | 3h 10m | DETAILS,2026-01-30T14:33:57.654354
2026-03-24,BKK,departure,13:50,PNQ Pune,IX241,IX,4h 40m,13:50 | Air India Express | PNQ Pune | IX241 | 4h 40m | DETAILS,2026-01-30T14:33:57.712480
2026-03-24,BKK,departure,13:50,CNX Chiang Mai,VZ106,VZ,1h 20m,13:50 | Vietjet Thailand | CNX Chiang Mai | VZ106 | 1h 20m | DETAILS,2026-01-30T14:33:57.773546
2026-03-24,BKK,departure,13:55,CAN Guangzhou,CZ8100,CZ,3h 5m,13:55 | China Southern | CAN Guangzhou | CZ8100 | 3h 5m | DETAILS,2026-01-30T14:33:57.838994
2026-03-24,BKK,departure,13:55,HKT Phuket,TG211,TG,1h 30m,13:55 | Thai Airways | HKT Phuket | TG211 | 1h 30m | DETAILS,2026-01-30T14:33:57.907956
2026-03-24,BKK,departure,13:55,CMB Colombo,UL405,UL,3h 30m,13:55 | SriLankan Airlines | CMB Colombo | UL405 | 3h 30m | DETAILS,2026-01-30T14:33:57.966982
2026-03-24,BKK,departure,14:00,SGN Ho Chi Minh City,VJ804,VJ,1h 30m,14:00 | VietJet | SGN Ho Chi Minh City | VJ804 | 1h 30m | DETAILS,2026-01-30T14:33:58.026590
2026-03-24,BKK,departure,14:00,VIE Vienna,OS6,OS,11h 35m,14:00 | Austrian | VIE Vienna | OS6 | 11h 35m | DETAILS,2026-01-30T14:33:58.086307
2026-03-24,BKK,departure,14:00,HKG Hong Kong,TG638,TG,2h 45m,14:00 | Thai Airways | HKG Hong Kong | TG638 | 2h 45m | DETAILS,2026-01-30T14:33:58.148298
2026-03-24,BKK,departure,14:05,XIY Xian,9C6294,9C,3h 55m,14:05 | Spring Airlines | XIY Xian | 9C6294 | 3h 55m | DETAILS,2026-01-30T14:33:58.206903
2026-03-24,BKK,departure,14:05,TPE Taipei,CI832,CI,3h 35m,14:05 | China Airlines | TPE Taipei | CI832 | 3h 35m | DETAILS,2026-01-30T14:33:58.273080
2026-03-24,BKK,departure,14:10,DAC Dhaka,BS218,BS,2h 40m,14:10 | US-Bangla Airlines | DAC Dhaka | BS218 | 2h 40m | DETAILS,2026-01-30T14:33:58.331080
2026-03-24,BKK,departure,14:10,KBV Krabi,FD4400,FD,1h 25m,14:10 | Thai AirAsia | KBV Krabi | FD4400 | 1h 25m | DETAILS,2026-01-30T14:33:58.392054
2026-03-24,BKK,departure,14:10,KKC Khon Kaen,TG44,TG,1h 0m,14:10 | Thai Airways | KKC Khon Kaen | TG44 | 1h 0m | DETAILS,2026-01-30T14:33:58.454137
2026-03-24,BKK,departure,14:15,CGK Jakarta,GA867,GA,3h 40m,14:15 | Garuda Indonesia | CGK Jakarta | GA867 | 3h 40m | DETAILS,2026-01-30T14:33:58.513139
2026-03-24,BKK,departure,14:15,TAO Qingdao,QW9898,QW,5h 0m,14:15 | Qingdao Airlines | TAO Qingdao | QW9898 | 5h 0m | DETAILS,2026-01-30T14:33:58.572490
2026-03-24,BKK,departure,14:15,KUL Kuala Lumpur,MH789,MH,2h 20m,14:15 | Malaysia Airlines | KUL Kuala Lumpur | MH789 | 2h 20m | DETAILS,2026-01-30T14:33:58.633683
2026-03-24,BKK,departure,14:15,HKG Hong Kong,ET608,ET,2h 50m,14:15 | Ethiopian | HKG Hong Kong | ET608 | 2h 50m | DETAILS,2026-01-30T14:33:58.767292
2026-03-24,BKK,departure,14:15,MNL Manila,TG624,TG,3h 10m,14:15 | Thai Airways | MNL Manila | TG624 | 3h 10m | DETAILS,2026-01-30T14:33:58.880037
2026-03-24,BKK,departure,14:20,HKT Phuket,FD4112,FD,1h 30m,14:20 | Thai AirAsia | HKT Phuket | FD4112 | 1h 30m | DETAILS,2026-01-30T14:33:58.972295
2026-03-24,BKK,departure,14:20,SGN Ho Chi Minh City,VN604,VN,1h 45m,14:20 | Vietnam Airlines | SGN Ho Chi Minh City | VN604 | 1h 45m | DETAILS,2026-01-30T14:33:59.068582
2026-03-24,BKK,departure,14:25,HND Tokyo,NH878,NH,5h 45m,14:25 | ANA | HND Tokyo | NH878 | 5h 45m | DETAILS,2026-01-30T14:33:59.181386
2026-03-24,BKK,departure,14:25,NGB Ningbo,9C7432,9C,4h 15m,14:25 | Spring Airlines | NGB Ningbo | 9C7432 | 4h 15m | DETAILS,2026-01-30T14:33:59.276884
2026-03-24,BKK,departure,14:25,KBV Krabi,VZ342,VZ,1h 30m,14:25 | Vietjet Thailand | KBV Krabi | VZ342 | 1h 30m | DETAILS,2026-01-30T14:33:59.376036
2026-03-24,BKK,departure,14:25,USM Koh Samui,PG151,PG,1h 10m,14:25 | Bangkok Airways | USM Koh Samui | PG151 | 1h 10m | DETAILS,2026-01-30T14:33:59.473986
2026-03-24,BKK,departure,14:25,CGK Jakarta,TG435,TG,3h 30m,14:25 | Thai Airways | CGK Jakarta | TG435 | 3h 30m | DETAILS,2026-01-30T14:33:59.565099
2026-03-24,BKK,departure,14:30,CEI Chiang Rai,FD4152,FD,1h 25m,14:30 | Thai AirAsia | CEI Chiang Rai | FD4152 | 1h 25m | DETAILS,2026-01-30T14:33:59.680299
2026-03-24,BKK,departure,14:30,SGN Ho Chi Minh City,VU130,VU,1h 40m,14:30 | Vietravel Airlines | SGN Ho Chi Minh City | VU130 | 1h 40m | DETAILS,2026-01-30T14:33:59.781225
2026-03-24,BKK,departure,14:30,USM Koh Samui,PG153,PG,1h 10m,14:30 | Bangkok Airways | USM Koh Samui | PG153 | 1h 10m | DETAILS,2026-01-30T14:33:59.875856
2026-03-24,BKK,departure,14:40,PQC Phu Quoc,VZ982,VZ,1h 20m,14:40 | Vietjet Thailand | PQC Phu Quoc | VZ982 | 1h 20m | DETAILS,2026-01-30T14:33:59.970464
2026-03-24,BKK,departure,14:40,UBP Ubon Ratchathani,VZ224,VZ,1h 5m,14:40 | Vietjet Thailand | UBP Ubon Ratchathani | VZ224 | 1h 5m | DETAILS,2026-01-30T14:34:00.086663
2026-03-24,BKK,departure,14:40,AUH Abu Dhabi,EY405,EY,7h 25m,14:40 | Etihad | AUH Abu Dhabi | EY405 | 7h 25m | DETAILS,2026-01-30T14:34:00.187688
2026-03-24,BKK,departure,14:40,TPE Taipei,BR202,BR,3h 35m,14:40 | EVA Air | TPE Taipei | BR202 | 3h 35m | DETAILS,2026-01-30T14:34:00.300592
2026-03-24,BKK,departure,14:45,BOM Mumbai,AI2353,AI,4h 35m,14:45 | Air India | BOM Mumbai | AI2353 | 4h 35m | DETAILS,2026-01-30T14:34:00.402045
2026-03-24,BKK,departure,14:45,KTI Phnom Penh,K6725,K6,1h 20m,14:45 | Air Cambodia | KTI Phnom Penh | K6725 | 1h 20m | DETAILS,2026-01-30T14:34:00.488823
2026-03-24,BKK,departure,14:50,HND Tokyo,TG660,TG,5h 40m,14:50 | Thai Airways | HND Tokyo | TG660 | 5h 40m | DETAILS,2026-01-30T14:34:00.770410
2026-03-24,BKK,departure,14:55,SIN Singapore,TG407,TG,2h 20m,14:55 | Thai Airways | SIN Singapore | TG407 | 2h 20m | DETAILS,2026-01-30T14:34:00.837586
2026-03-24,BKK,departure,15:00,HKT Phuket,TG215,TG,1h 30m,15:00 | Thai Airways | HKT Phuket | TG215 | 1h 30m | DETAILS,2026-01-30T14:34:00.897790
2026-03-24,BKK,departure,15:00,VVO Vladivostok,SU645,SU,6h 30m,15:00 | Aeroflot | VVO Vladivostok | SU645 | 6h 30m | DETAILS,2026-01-30T14:34:00.958211
2026-03-24,BKK,departure,15:00,SWA Jieyang,9C6194,9C,2h 55m,15:00 | Spring Airlines | SWA Jieyang | 9C6194 | 2h 55m | DETAILS,2026-01-30T14:34:01.019132
2026-03-24,BKK,departure,15:00,HEL Helsinki,AY144,AY,12h 35m,15:00 | Finnair | HEL Helsinki | AY144 | 12h 35m | DETAILS,2026-01-30T14:34:01.078066
2026-03-24,BKK,departure,15:05,CNX Chiang Mai,TG112,TG,1h 20m,15:05 | Thai Airways | CNX Chiang Mai | TG112 | 1h 20m | DETAILS,2026-01-30T14:34:01.140315
2026-03-24,BKK,departure,15:05,HAN Hanoi,VJ902,VJ,1h 55m,15:05 | VietJet | HAN Hanoi | VJ902 | 1h 55m | DETAILS,2026-01-30T14:34:01.204305
2026-03-24,BKK,departure,15:05,KMG Kunming,MU6088,MU,2h 25m,15:05 | China Eastern | KMG Kunming | MU6088 | 2h 25m | DETAILS,2026-01-30T14:34:01.270612
2026-03-24,BKK,departure,15:05,HKG Hong Kong,CX674,CX,2h 55m,15:05 | Cathay Pacific | HKG Hong Kong | CX674 | 2h 55m | DETAILS,2026-01-30T14:34:01.332489
2026-03-24,BKK,departure,15:10,DEL Delhi,AI2356,AI,4h 50m,15:10 | Air India | DEL Delhi | AI2356 | 4h 50m | DETAILS,2026-01-30T14:34:01.393170
2026-03-24,BKK,departure,15:15,CNX Chiang Mai,VZ108,VZ,1h 30m,15:15 | Vietjet Thailand | CNX Chiang Mai | VZ108 | 1h 30m | DETAILS,2026-01-30T14:34:01.458476
2026-03-24,BKK,departure,15:15,USM Koh Samui,PG161,PG,1h 10m,15:15 | Bangkok Airways | USM Koh Samui | PG161 | 1h 10m | DETAILS,2026-01-30T14:34:01.519786
2026-03-24,BKK,departure,15:15,CAN Guangzhou,CZ5096,CZ,2h 55m,15:15 | China Southern | CAN Guangzhou | CZ5096 | 2h 55m | DETAILS,2026-01-30T14:34:01.580148
2026-03-24,BKK,departure,15:20,JED Jeddah,SV845,SV,9h 0m,15:20 | Saudia | JED Jeddah | SV845 | 9h 0m | DETAILS,2026-01-30T14:34:01.643815
2026-03-24,BKK,departure,15:25,HKT Phuket,VZ306,VZ,1h 35m,15:25 | Vietjet Thailand | HKT Phuket | VZ306 | 1h 35m | DETAILS,2026-01-30T14:34:01.702607
2026-03-24,BKK,departure,15:25,CNX Chiang Mai,FD4120,FD,1h 25m,15:25 | Thai AirAsia | CNX Chiang Mai | FD4120 | 1h 25m | DETAILS,2026-01-30T14:34:01.769574
2026-03-24,BKK,departure,15:30,DEL Delhi,6E1054,6E,4h 40m,15:30 | IndiGo | DEL Delhi | 6E1054 | 4h 40m | DETAILS,2026-01-30T14:34:01.827005
2026-03-24,BKK,departure,15:30,THS Sukhothai,PG213,PG,1h 20m,15:30 | Bangkok Airways | THS Sukhothai | PG213 | 1h 20m | DETAILS,2026-01-30T14:34:01.889744
2026-03-24,BKK,departure,15:35,YIH Yichang,HU7944,HU,3h 25m,15:35 | Hainan Airlines | YIH Yichang | HU7944 | 3h 25m | DETAILS,2026-01-30T14:34:01.954055
2026-03-24,BKK,departure,15:40,RGN Yangon,8M334,8M,1h 20m,15:40 | MAI | RGN Yangon | 8M334 | 1h 20m | DETAILS,2026-01-30T14:34:02.015918
2026-03-24,BKK,departure,15:45,CAN Guangzhou,CZ3082,CZ,2h 55m,15:45 | China Southern | CAN Guangzhou | CZ3082 | 2h 55m | DETAILS,2026-01-30T14:34:02.079177
2026-03-24,BKK,departure,15:50,USM Koh Samui,PG163,PG,1h 10m,15:50 | Bangkok Airways | USM Koh Samui | PG163 | 1h 10m | DETAILS,2026-01-30T14:34:02.140776
2026-03-24,BKK,departure,15:50,DAD Da Nang,VZ962,VZ,1h 40m,15:50 | Vietjet Thailand | DAD Da Nang | VZ962 | 1h 40m | DETAILS,2026-01-30T14:34:02.206553
2026-03-24,BKK,departure,15:50,SIN Singapore,SQ709,SQ,2h 35m,15:50 | Singapore Airlines | SIN Singapore | SQ709 | 2h 35m | DETAILS,2026-01-30T14:34:02.266341
2026-03-24,BKK,departure,15:50,HKG Hong Kong,HX776,HX,2h 50m,15:50 | Hong Kong Airlines | HKG Hong Kong | HX776 | 2h 50m | DETAILS,2026-01-30T14:34:02.325682
2026-03-24,BKK,departure,15:50,PVG Shanghai,9C7280,9C,4h 25m,15:50 | Spring Airlines | PVG Shanghai | 9C7280 | 4h 25m | DETAILS,2026-01-30T14:34:02.391890
2026-03-24,BKK,departure,15:55,OVB Novosibirsk,S75702,S7,10h 0m,15:55 | S7 Airlines | OVB Novosibirsk | S75702 | 10h 0m | DETAILS,2026-01-30T14:34:02.450250
2026-03-24,BKK,departure,15:55,KMG Kunming,MU742,MU,2h 30m,15:55 | China Eastern | KMG Kunming | MU742 | 2h 30m | DETAILS,2026-01-30T14:34:02.511094
2026-03-24,BKK,departure,15:55,HAN Hanoi,VN614,VN,1h 55m,15:55 | Vietnam Airlines | HAN Hanoi | VN614 | 1h 55m | DETAILS,2026-01-30T14:34:02.578930
2026-03-24,BKK,departure,16:10,STV Surat Gujarat,IX263,IX,5h 0m,16:10 | Air India Express | STV Surat Gujarat | IX263 | 5h 0m | DETAILS,2026-01-30T14:34:02.638158
2026-03-24,BKK,departure,16:15,UBP Ubon Ratchathani,TG28,TG,1h 10m,16:15 | Thai Airways | UBP Ubon Ratchathani | TG28 | 1h 10m | DETAILS,2026-01-30T14:34:02.697744
2026-03-24,BKK,departure,16:15,USM Koh Samui,PG159,PG,1h 35m,16:15 | Bangkok Airways | USM Koh Samui | PG159 | 1h 35m | DETAILS,2026-01-30T14:34:02.766155
2026-03-24,BKK,departure,16:15,DAC Dhaka,BG389,BG,2h 45m,16:15 | Biman | DAC Dhaka | BG389 | 2h 45m | DETAILS,2026-01-30T14:34:02.824514
2026-03-24,BKK,departure,16:15,TDX Trat,PG307,PG,1h 0m,16:15 | Bangkok Airways | TDX Trat | PG307 | 1h 0m | DETAILS,2026-01-30T14:34:02.886098
2026-03-24,BKK,departure,16:20,PEK Beijing,HU430,HU,4h 45m,16:20 | Hainan Airlines | PEK Beijing | HU430 | 4h 45m | DETAILS,2026-01-30T14:34:02.946398
2026-03-24,BKK,departure,16:20,NKG Nanjing,JD620,JD,4h 5m,16:20 | Capital Airlines | NKG Nanjing | JD620 | 4h 5m | DETAILS,2026-01-30T14:34:03.010856
2026-03-24,BKK,departure,16:20,KTI Phnom Penh,KR704,KR,1h 30m,16:20 | Cambodia Airways | KTI Phnom Penh | KR704 | 1h 30m | DETAILS,2026-01-30T14:34:03.071252
2026-03-24,BKK,departure,16:25,CNX Chiang Mai,FD4108,FD,1h 20m,16:25 | Thai AirAsia | CNX Chiang Mai | FD4108 | 1h 20m | DETAILS,2026-01-30T14:34:03.129324
2026-03-24,BKK,departure,16:25,HKG Hong Kong,UO701,UO,2h 55m,16:25 | HK Express | HKG Hong Kong | UO701 | 2h 55m | DETAILS,2026-01-30T14:34:03.191962
2026-03-24,BKK,departure,16:30,HDY Hat Yai,FD4204,FD,1h 30m,16:30 | Thai AirAsia | HDY Hat Yai | FD4204 | 1h 30m | DETAILS,2026-01-30T14:34:03.255511
2026-03-24,BKK,departure,16:30,USM Koh Samui,PG165,PG,1h 10m,16:30 | Bangkok Airways | USM Koh Samui | PG165 | 1h 10m | DETAILS,2026-01-30T14:34:03.318313
2026-03-24,BKK,departure,16:30,IKT Irkutsk,S76310,S7,6h 25m,16:30 | S7 Airlines | IKT Irkutsk | S76310 | 6h 25m | DETAILS,2026-01-30T14:34:03.381277
2026-03-24,BKK,departure,16:30,TLV Tel Aviv-Yafo,LY84,LY,11h 15m,16:30 | El Al | TLV Tel Aviv-Yafo | LY84 | 11h 15m | DETAILS,2026-01-30T14:34:03.441085
2026-03-24,BKK,departure,16:35,SIN Singapore,TG409,TG,2h 20m,16:35 | Thai Airways | SIN Singapore | TG409 | 2h 20m | DETAILS,2026-01-30T14:34:03.504276
2026-03-24,BKK,departure,16:45,KTM Kathmandu,RA402,RA,3h 30m,16:45 | Nepal Airlines | KTM Kathmandu | RA402 | 3h 30m | DETAILS,2026-01-30T14:34:03.564059
2026-03-24,BKK,departure,16:45,KUL Kuala Lumpur,TG417,TG,2h 10m,16:45 | Thai Airways | KUL Kuala Lumpur | TG417 | 2h 10m | DETAILS,2026-01-30T14:34:03.622373
2026-03-24,BKK,departure,16:50,PVG Shanghai,FM834,FM,4h 20m,16:50 | Shanghai Airlines | PVG Shanghai | FM834 | 4h 20m | DETAILS,2026-01-30T14:34:03.685095
2026-03-24,BKK,departure,16:50,CEI Chiang Rai,TG136,TG,1h 30m,16:50 | Thai Airways | CEI Chiang Rai | TG136 | 1h 30m | DETAILS,2026-01-30T14:34:03.767773
2026-03-24,BKK,departure,16:50,HGH Hangzhou,VZ3536,VZ,4h 10m,16:50 | Vietjet Thailand | HGH Hangzhou | VZ3536 | 4h 10m | DETAILS,2026-01-30T14:34:03.924521
2026-03-24,BKK,departure,16:50,UTH Udon Thani,VZ202,VZ,1h 10m,16:50 | Vietjet Thailand | UTH Udon Thani | VZ202 | 1h 10m | DETAILS,2026-01-30T14:34:04.018580
2026-03-24,BKK,departure,16:55,HKG Hong Kong,UA821,UA,2h 50m,16:55 | United | HKG Hong Kong | UA821 | 2h 50m | DETAILS,2026-01-30T14:34:04.114693
2026-03-24,BKK,departure,16:55,HKG Hong Kong,CX706,CX,2h 45m,16:55 | Cathay Pacific | HKG Hong Kong | CX706 | 2h 45m | DETAILS,2026-01-30T14:34:04.216102
2026-03-24,BKK,departure,17:00,URT Surat Thani,VZ352,VZ,1h 20m,17:00 | Vietjet Thailand | URT Surat Thani | VZ352 | 1h 20m | DETAILS,2026-01-30T14:34:04.316023
2026-03-24,BKK,departure,17:00,SIN Singapore,TR637,TR,2h 40m,17:00 | Scoot | SIN Singapore | TR637 | 2h 40m | DETAILS,2026-01-30T14:34:04.408234
2026-03-24,BKK,departure,17:05,KUL Kuala Lumpur,MH783,MH,2h 20m,17:05 | Malaysia Airlines | KUL Kuala Lumpur | MH783 | 2h 20m | DETAILS,2026-01-30T14:34:04.497739
2026-03-24,BKK,departure,17:05,BLR Bengaluru,IX883,IX,4h 10m,17:05 | Air India Express | BLR Bengaluru | IX883 | 4h 10m | DETAILS,2026-01-30T14:34:04.600788
2026-03-24,BKK,departure,17:10,HYD Hyderabad,6E1068,6E,3h 55m,17:10 | IndiGo | HYD Hyderabad | 6E1068 | 3h 55m | DETAILS,2026-01-30T14:34:04.706612
2026-03-24,BKK,departure,17:10,RGN Yangon,TG303,TG,1h 20m,17:10 | Thai Airways | RGN Yangon | TG303 | 1h 20m | DETAILS,2026-01-30T14:34:04.805633
2026-03-24,BKK,departure,17:15,TPE Taipei,BR68,BR,3h 35m,17:15 | EVA Air | TPE Taipei | BR68 | 3h 35m | DETAILS,2026-01-30T14:34:04.901859
2026-03-24,BKK,departure,17:15,HKT Phuket,TG217,TG,1h 30m,17:15 | Thai Airways | HKT Phuket | TG217 | 1h 30m | DETAILS,2026-01-30T14:34:04.999518
2026-03-24,BKK,departure,17:20,USM Koh Samui,PG171,PG,1h 35m,17:20 | Bangkok Airways | USM Koh Samui | PG171 | 1h 35m | DETAILS,2026-01-30T14:34:05.095683
2026-03-24,BKK,departure,17:25,HGH Hangzhou,GJ8022,GJ,3h 55m,17:25 | Loong Air | HGH Hangzhou | GJ8022 | 3h 55m | DETAILS,2026-01-30T14:34:05.199230
2026-03-24,BKK,departure,17:25,KKC Khon Kaen,VZ214,VZ,1h 5m,17:25 | Vietjet Thailand | KKC Khon Kaen | VZ214 | 1h 5m | DETAILS,2026-01-30T14:34:05.305512
2026-03-24,BKK,departure,17:25,SAI Siem Reap,PG907,PG,1h 20m,17:25 | Bangkok Airways | SAI Siem Reap | PG907 | 1h 20m | DETAILS,2026-01-30T14:34:05.400307
2026-03-24,BKK,departure,17:25,KTI Phnom Penh,PG935,PG,1h 15m,17:25 | Bangkok Airways | KTI Phnom Penh | PG935 | 1h 15m | DETAILS,2026-01-30T14:34:05.494082
2026-03-24,BKK,departure,17:30,HAN Hanoi,TG564,TG,1h 50m,17:30 | Thai Airways | HAN Hanoi | TG564 | 1h 50m | DETAILS,2026-01-30T14:34:05.791840
2026-03-24,BKK,departure,17:30,TPE Taipei,TG636,TG,3h 40m,17:30 | Thai Airways | TPE Taipei | TG636 | 3h 40m | DETAILS,2026-01-30T14:34:05.869829
2026-03-24,BKK,departure,17:30,HKT Phuket,PG277,PG,1h 35m,17:30 | Bangkok Airways | HKT Phuket | PG277 | 1h 35m | DETAILS,2026-01-30T14:34:05.932018
2026-03-24,BKK,departure,17:35,SGN Ho Chi Minh City,TG556,TG,1h 30m,17:35 | Thai Airways | SGN Ho Chi Minh City | TG556 | 1h 30m | DETAILS,2026-01-30T14:34:05.990614
2026-03-24,BKK,departure,17:35,XMN Xiamen,MF834,MF,3h 10m,17:35 | XiamenAir | XMN Xiamen | MF834 | 3h 10m | DETAILS,2026-01-30T14:34:06.051727
2026-03-24,BKK,departure,17:40,CNX Chiang Mai,PG219,PG,1h 20m,17:40 | Bangkok Airways | CNX Chiang Mai | PG219 | 1h 20m | DETAILS,2026-01-30T14:34:06.112676
2026-03-24,BKK,departure,17:40,TPE Taipei,JX746,JX,3h 50m,17:40 | Starlux | TPE Taipei | JX746 | 3h 50m | DETAILS,2026-01-30T14:34:06.175782
2026-03-24,BKK,departure,17:45,KTI Phnom Penh,VZ722,VZ,1h 15m,17:45 | Vietjet Thailand | KTI Phnom Penh | VZ722 | 1h 15m | DETAILS,2026-01-30T14:34:06.239894
2026-03-24,BKK,departure,17:45,MFM Macau,NX935,NX,2h 45m,17:45 | Air Macau | MFM Macau | NX935 | 2h 45m | DETAILS,2026-01-30T14:34:06.303277
2026-03-24,BKK,departure,17:50,TPE Taipei,CI836,CI,3h 35m,17:50 | China Airlines | TPE Taipei | CI836 | 3h 35m | DETAILS,2026-01-30T14:34:06.367334
2026-03-24,BKK,departure,17:55,TFU Chengdu,CA472,CA,3h 20m,17:55 | Air China | TFU Chengdu | CA472 | 3h 20m | DETAILS,2026-01-30T14:34:06.429184
2026-03-24,BKK,departure,17:55,DEL Delhi,AI2335,AI,4h 50m,17:55 | Air India | DEL Delhi | AI2335 | 4h 50m | DETAILS,2026-01-30T14:34:06.491036
2026-03-24,BKK,departure,17:55,SHJ Sharjah,G9817,G9,7h 0m,17:55 | Air Arabia | SHJ Sharjah | G9817 | 7h 0m | DETAILS,2026-01-30T14:34:06.552455
2026-03-24,BKK,departure,18:00,SYD Sydney,QF296,QF,9h 35m,18:00 | Qantas | SYD Sydney | QF296 | 9h 35m | DETAILS,2026-01-30T14:34:06.613840
2026-03-24,BKK,departure,18:00,CEI Chiang Rai,VZ134,VZ,1h 25m,18:00 | Vietjet Thailand | CEI Chiang Rai | VZ134 | 1h 25m | DETAILS,2026-01-30T14:34:06.672792
2026-03-24,BKK,departure,18:00,DAD Da Nang,VN626,VN,1h 35m,18:00 | Vietnam Airlines | DAD Da Nang | VN626 | 1h 35m | DETAILS,2026-01-30T14:34:06.733492
2026-03-24,BKK,departure,18:05,CAN Guangzhou,CZ8024,CZ,2h 50m,18:05 | China Southern | CAN Guangzhou | CZ8024 | 2h 50m | DETAILS,2026-01-30T14:34:06.796691
2026-03-24,BKK,departure,18:10,HKG Hong Kong,TG602,TG,2h 45m,18:10 | Thai Airways | HKG Hong Kong | TG602 | 2h 45m | DETAILS,2026-01-30T14:34:06.855519
2026-03-24,BKK,departure,18:10,SIN Singapore,SQ711,SQ,2h 30m,18:10 | Singapore Airlines | SIN Singapore | SQ711 | 2h 30m | DETAILS,2026-01-30T14:34:06.919916
2026-03-24,BKK,departure,18:15,KTI Phnom Penh,TG584,TG,1h 20m,18:15 | Thai Airways | KTI Phnom Penh | TG584 | 1h 20m | DETAILS,2026-01-30T14:34:06.980777
2026-03-24,BKK,departure,18:20,UTH Udon Thani,FD4352,FD,1h 10m,18:20 | Thai AirAsia | UTH Udon Thani | FD4352 | 1h 10m | DETAILS,2026-01-30T14:34:07.040981
2026-03-24,BKK,departure,18:20,HKT Phuket,FD4114,FD,1h 35m,18:20 | Thai AirAsia | HKT Phuket | FD4114 | 1h 35m | DETAILS,2026-01-30T14:34:07.099300
2026-03-24,BKK,departure,18:20,MEL Melbourne,TG465,TG,9h 0m,18:20 | Thai Airways | MEL Melbourne | TG465 | 9h 0m | DETAILS,2026-01-30T14:34:07.156821
2026-03-24,BKK,departure,18:20,TFU Chengdu,3U3936,3U,3h 0m,18:20 | Sichuan Airlines | TFU Chengdu | 3U3936 | 3h 0m | DETAILS,2026-01-30T14:34:07.222662
2026-03-24,BKK,departure,18:25,KBV Krabi,FD4408,FD,1h 35m,18:25 | Thai AirAsia | KBV Krabi | FD4408 | 1h 35m | DETAILS,2026-01-30T14:34:07.287555
2026-03-24,BKK,departure,18:25,KBV Krabi,TG249,TG,1h 25m,18:25 | Thai Airways | KBV Krabi | TG249 | 1h 25m | DETAILS,2026-01-30T14:34:07.346547
2026-03-24,BKK,departure,18:25,SIN Singapore,TR611,TR,2h 45m,18:25 | Scoot | SIN Singapore | TR611 | 2h 45m | DETAILS,2026-01-30T14:34:07.411365
2026-03-24,BKK,departure,18:30,HDY Hat Yai,TG267,TG,1h 30m,18:30 | Thai Airways | HDY Hat Yai | TG267 | 1h 30m | DETAILS,2026-01-30T14:34:07.471450
2026-03-24,BKK,departure,18:30,HKT Phuket,TG221,TG,1h 30m,18:30 | Thai Airways | HKT Phuket | TG221 | 1h 30m | DETAILS,2026-01-30T14:34:07.530445
2026-03-24,BKK,departure,18:30,VTE Vientiane,TG574,TG,1h 15m,18:30 | Thai Airways | VTE Vientiane | TG574 | 1h 15m | DETAILS,2026-01-30T14:34:07.594253
2026-03-24,BKK,departure,18:35,KHH Kaohsiung,CI840,CI,3h 20m,18:35 | China Airlines | KHH Kaohsiung | CI840 | 3h 20m | DETAILS,2026-01-30T14:34:07.651853
2026-03-24,BKK,departure,18:35,HAN Hanoi,VJ904,VJ,1h 50m,18:35 | VietJet | HAN Hanoi | VJ904 | 1h 50m | DETAILS,2026-01-30T14:34:07.715445
2026-03-24,BKK,departure,18:35,HKT Phuket,VZ2304,VZ,1h 35m,18:35 | Vietjet Thailand | HKT Phuket | VZ2304 | 1h 35m | DETAILS,2026-01-30T14:34:07.772313
2026-03-24,BKK,departure,18:35,PKX Beijing,VZ3718,VZ,4h 40m,18:35 | Vietjet Thailand | PKX Beijing | VZ3718 | 4h 40m | DETAILS,2026-01-30T14:34:07.831061
2026-03-24,BKK,departure,18:40,USM Koh Samui,PG177,PG,1h 10m,18:40 | Bangkok Airways | USM Koh Samui | PG177 | 1h 10m | DETAILS,2026-01-30T14:34:07.895650
2026-03-24,BKK,departure,18:40,KBV Krabi,VZ344,VZ,1h 30m,18:40 | Vietjet Thailand | KBV Krabi | VZ344 | 1h 30m | DETAILS,2026-01-30T14:34:07.960258
2026-03-24,BKK,departure,18:40,KUL Kuala Lumpur,MH775,MH,2h 20m,18:40 | Malaysia Airlines | KUL Kuala Lumpur | MH775 | 2h 20m | DETAILS,2026-01-30T14:34:08.025911
2026-03-24,BKK,departure,18:45,MNL Manila,PR737,PR,3h 30m,18:45 | PAL | MNL Manila | PR737 | 3h 30m | DETAILS,2026-01-30T14:34:08.082196
2026-03-24,BKK,departure,18:45,ISB Islamabad,TG349,TG,5h 35m,18:45 | Thai Airways | ISB Islamabad | TG349 | 5h 35m | DETAILS,2026-01-30T14:34:08.142226
2026-03-24,BKK,departure,18:50,PVG Shanghai,9C8892,9C,4h 40m,18:50 | Spring Airlines | PVG Shanghai | 9C8892 | 4h 40m | DETAILS,2026-01-30T14:34:08.203973
2026-03-24,BKK,departure,18:50,CNX Chiang Mai,VZ2106,VZ,1h 30m,18:50 | Vietjet Thailand | CNX Chiang Mai | VZ2106 | 1h 30m | DETAILS,2026-01-30T14:34:08.269366
2026-03-24,BKK,departure,18:55,BOM Mumbai,TG317,TG,4h 35m,18:55 | Thai Airways | BOM Mumbai | TG317 | 4h 35m | DETAILS,2026-01-30T14:34:08.327607
2026-03-24,BKK,departure,18:55,DOH Doha,QR835,QR,7h 25m,18:55 | Qatar Airways | DOH Doha | QR835 | 7h 25m | DETAILS,2026-01-30T14:34:08.393888
2026-03-24,BKK,departure,18:55,CAN Guangzhou,CZ364,CZ,3h 10m,18:55 | China Southern | CAN Guangzhou | CZ364 | 3h 10m | DETAILS,2026-01-30T14:34:08.456796
2026-03-24,BKK,departure,19:00,SIN Singapore,TG401,TG,2h 20m,19:00 | Thai Airways | SIN Singapore | TG401 | 2h 20m | DETAILS,2026-01-30T14:34:08.513648
2026-03-24,BKK,departure,19:00,HAN Hanoi,VN618,VN,1h 55m,19:00 | Vietnam Airlines | HAN Hanoi | VN618 | 1h 55m | DETAILS,2026-01-30T14:34:08.579081
2026-03-24,BKK,departure,19:05,PVG Shanghai,FM856,FM,4h 30m,19:05 | Shanghai Airlines | PVG Shanghai | FM856 | 4h 30m | DETAILS,2026-01-30T14:34:08.645653
2026-03-24,BKK,departure,19:05,CNX Chiang Mai,TG120,TG,1h 20m,19:05 | Thai Airways | CNX Chiang Mai | TG120 | 1h 20m | DETAILS,2026-01-30T14:34:08.705448
2026-03-24,BKK,departure,19:10,KKC Khon Kaen,FD4503,FD,1h 10m,19:10 | Thai AirAsia | KKC Khon Kaen | FD4503 | 1h 10m | DETAILS,2026-01-30T14:34:08.767748
2026-03-24,BKK,departure,19:10,HAK Haikou,HU722,HU,2h 25m,19:10 | Hainan Airlines | HAK Haikou | HU722 | 2h 25m | DETAILS,2026-01-30T14:34:08.910863
2026-03-24,BKK,departure,19:10,BAH Bahrain,GF153,GF,7h 40m,19:10 | Gulf Air | BAH Bahrain | GF153 | 7h 40m | DETAILS,2026-01-30T14:34:09.021192
2026-03-24,BKK,departure,19:15,UTH Udon Thani,TG8,TG,1h 10m,19:15 | Thai Airways | UTH Udon Thani | TG8 | 1h 10m | DETAILS,2026-01-30T14:34:09.113151
2026-03-24,BKK,departure,19:15,SZX Shenzhen,CZ8324,CZ,2h 35m,19:15 | China Southern | SZX Shenzhen | CZ8324 | 2h 35m | DETAILS,2026-01-30T14:34:09.217640
2026-03-24,BKK,departure,19:15,USM Koh Samui,PG191,PG,1h 10m,19:15 | Bangkok Airways | USM Koh Samui | PG191 | 1h 10m | DETAILS,2026-01-30T14:34:09.320054
2026-03-24,BKK,departure,19:15,HKG Hong Kong,CX702,CX,2h 45m,19:15 | Cathay Pacific | HKG Hong Kong | CX702 | 2h 45m | DETAILS,2026-01-30T14:34:09.415520
2026-03-24,BKK,departure,19:20,CKG Chongqing,3U3772,3U,3h 25m,19:20 | Sichuan Airlines | CKG Chongqing | 3U3772 | 3h 25m | DETAILS,2026-01-30T14:34:09.517334
2026-03-24,BKK,departure,19:20,HKT Phuket,VZ308,VZ,1h 30m,19:20 | Vietjet Thailand | HKT Phuket | VZ308 | 1h 30m | DETAILS,2026-01-30T14:34:09.621127
2026-03-24,BKK,departure,19:20,RGN Yangon,8M332,8M,1h 20m,19:20 | MAI | RGN Yangon | 8M332 | 1h 20m | DETAILS,2026-01-30T14:34:09.710306
2026-03-24,BKK,departure,19:25,LHE Lahore,TG345,TG,5h 15m,19:25 | Thai Airways | LHE Lahore | TG345 | 5h 15m | DETAILS,2026-01-30T14:34:09.813584
2026-03-24,BKK,departure,19:30,PEK Beijing,CA960,CA,4h 35m,19:30 | Air China | PEK Beijing | CA960 | 4h 35m | DETAILS,2026-01-30T14:34:09.913337
2026-03-24,BKK,departure,19:30,KMG Kunming,KY8370,KY,2h 35m,19:30 | Kunming Airlines | KMG Kunming | KY8370 | 2h 35m | DETAILS,2026-01-30T14:34:10.015234
2026-03-24,BKK,departure,19:30,PEN Penang,TG425,TG,1h 50m,19:30 | Thai Airways | PEN Penang | TG425 | 1h 50m | DETAILS,2026-01-30T14:34:10.112004
2026-03-24,BKK,departure,19:30,SZX Shenzhen,ZH308,ZH,2h 45m,19:30 | Shenzhen Airlines | SZX Shenzhen | ZH308 | 2h 45m | DETAILS,2026-01-30T14:34:10.211548
2026-03-24,BKK,departure,19:35,SGN Ho Chi Minh City,VN606,VN,1h 45m,19:35 | Vietnam Airlines | SGN Ho Chi Minh City | VN606 | 1h 45m | DETAILS,2026-01-30T14:34:10.309648
2026-03-24,BKK,departure,19:40,KKC Khon Kaen,TG46,TG,1h 0m,19:40 | Thai Airways | KKC Khon Kaen | TG46 | 1h 0m | DETAILS,2026-01-30T14:34:10.426028
2026-03-24,BKK,departure,19:40,AMD Ahmedabad,VZ750,VZ,4h 45m,19:40 | Vietjet Thailand | AMD Ahmedabad | VZ750 | 4h 45m | DETAILS,2026-01-30T14:34:10.530311
2026-03-24,BKK,departure,19:40,HKT Phuket,PG279,PG,1h 30m,19:40 | Bangkok Airways | HKT Phuket | PG279 | 1h 30m | DETAILS,2026-01-30T14:34:10.623647
2026-03-24,BKK,departure,19:45,USM Koh Samui,PG193,PG,1h 35m,19:45 | Bangkok Airways | USM Koh Samui | PG193 | 1h 35m | DETAILS,2026-01-30T14:34:10.912557
2026-03-24,BKK,departure,19:45,KBV Krabi,PG263,PG,1h 30m,19:45 | Bangkok Airways | KBV Krabi | PG263 | 1h 30m | DETAILS,2026-01-30T14:34:10.984236
2026-03-24,BKK,departure,19:45,HKG Hong Kong,UO713,UO,3h 0m,19:45 | HK Express | HKG Hong Kong | UO713 | 3h 0m | DETAILS,2026-01-30T14:34:11.047342
2026-03-24,BKK,departure,19:50,DAD Da Nang,EK370,EK,1h 40m,19:50 | Emirates | DAD Da Nang | EK370 | 1h 40m | DETAILS,2026-01-30T14:34:11.109299
2026-03-24,BKK,departure,19:50,HDY Hat Yai,VZ328,VZ,1h 25m,19:50 | Vietjet Thailand | HDY Hat Yai | VZ328 | 1h 25m | DETAILS,2026-01-30T14:34:11.170445
2026-03-24,BKK,departure,19:50,CRK Angeles,5J942,5J,3h 30m,19:50 | Cebu Pacific | CRK Angeles | 5J942 | 3h 30m | DETAILS,2026-01-30T14:34:11.230508
2026-03-24,BKK,departure,19:55,PVG Shanghai,FM840,FM,4h 25m,19:55 | Shanghai Airlines | PVG Shanghai | FM840 | 4h 25m | DETAILS,2026-01-30T14:34:11.296507
2026-03-24,BKK,departure,19:55,CAN Guangzhou,CZ8020,CZ,2h 50m,19:55 | China Southern | CAN Guangzhou | CZ8020 | 2h 50m | DETAILS,2026-01-30T14:34:11.357515
2026-03-24,BKK,departure,20:00,SIN Singapore,SQ713,SQ,2h 30m,20:00 | Singapore Airlines | SIN Singapore | SQ713 | 2h 30m | DETAILS,2026-01-30T14:34:11.422531
2026-03-24,BKK,departure,20:00,TPE Taipei,VZ570,VZ,3h 40m,20:00 | Vietjet Thailand | TPE Taipei | VZ570 | 3h 40m | DETAILS,2026-01-30T14:34:11.483482
2026-03-24,BKK,departure,20:00,DEL Delhi,TG315,TG,4h 30m,20:00 | Thai Airways | DEL Delhi | TG315 | 4h 30m | DETAILS,2026-01-30T14:34:11.548233
2026-03-24,BKK,departure,20:05,SGN Ho Chi Minh City,VJ806,VJ,1h 30m,20:05 | VietJet | SGN Ho Chi Minh City | VJ806 | 1h 30m | DETAILS,2026-01-30T14:34:11.608288
2026-03-24,BKK,departure,20:05,PVG Shanghai,VZ3524,VZ,4h 25m,20:05 | Vietjet Thailand | PVG Shanghai | VZ3524 | 4h 25m | DETAILS,2026-01-30T14:34:11.669633
2026-03-24,BKK,departure,20:05,AUH Abu Dhabi,EY421,EY,7h 25m,20:05 | Etihad | AUH Abu Dhabi | EY421 | 7h 25m | DETAILS,2026-01-30T14:34:11.738082
2026-03-24,BKK,departure,20:05,KUL Kuala Lumpur,MH781,MH,2h 20m,20:05 | Malaysia Airlines | KUL Kuala Lumpur | MH781 | 2h 20m | DETAILS,2026-01-30T14:34:11.796425
2026-03-24,BKK,departure,20:05,MCT Muscat,WY816,WY,6h 10m,20:05 | Oman Air | MCT Muscat | WY816 | 6h 10m | DETAILS,2026-01-30T14:34:11.859762
2026-03-24,BKK,departure,20:05,HKG Hong Kong,HX766,HX,2h 50m,20:05 | Hong Kong Airlines | HKG Hong Kong | HX766 | 2h 50m | DETAILS,2026-01-30T14:34:11.924056
2026-03-24,BKK,departure,20:10,HKT Phuket,FD4419,FD,1h 40m,20:10 | Thai AirAsia | HKT Phuket | FD4419 | 1h 40m | DETAILS,2026-01-30T14:34:11.986438
2026-03-24,BKK,departure,20:10,IKT Irkutsk,S76302,S7,6h 30m,20:10 | S7 Airlines | IKT Irkutsk | S76302 | 6h 30m | DETAILS,2026-01-30T14:34:12.056428
2026-03-24,BKK,departure,20:15,SIN Singapore,TR617,TR,2h 40m,20:15 | Scoot | SIN Singapore | TR617 | 2h 40m | DETAILS,2026-01-30T14:34:12.120217
2026-03-24,BKK,departure,20:20,CNX Chiang Mai,FD4096,FD,1h 30m,20:20 | Thai AirAsia | CNX Chiang Mai | FD4096 | 1h 30m | DETAILS,2026-01-30T14:34:12.179358
2026-03-24,BKK,departure,20:30,DOH Doha,QR829,QR,7h 25m,20:30 | Qatar Airways | DOH Doha | QR829 | 7h 25m | DETAILS,2026-01-30T14:34:12.241277
2026-03-24,BKK,departure,20:35,KMG Kunming,KY8368,KY,2h 5m,20:35 | Kunming Airlines | KMG Kunming | KY8368 | 2h 5m | DETAILS,2026-01-30T14:34:12.300217
2026-03-24,BKK,departure,20:35,CNX Chiang Mai,VZ118,VZ,1h 20m,20:35 | Vietjet Thailand | CNX Chiang Mai | VZ118 | 1h 20m | DETAILS,2026-01-30T14:34:12.361471
2026-03-24,BKK,departure,20:40,BOM Mumbai,VZ760,VZ,4h 40m,20:40 | Vietjet Thailand | BOM Mumbai | VZ760 | 4h 40m | DETAILS,2026-01-30T14:34:12.422464
2026-03-24,BKK,departure,20:40,AUH Abu Dhabi,EY407,EY,6h 50m,20:40 | Etihad | AUH Abu Dhabi | EY407 | 6h 50m | DETAILS,2026-01-30T14:34:12.483349
2026-03-24,BKK,departure,20:45,DXB Dubai,EK373,EK,7h 15m,20:45 | Emirates | DXB Dubai | EK373 | 7h 15m | DETAILS,2026-01-30T14:34:12.548554
2026-03-24,BKK,departure,20:45,RGN Yangon,8M351,8M,1h 20m,20:45 | MAI | RGN Yangon | 8M351 | 1h 20m | DETAILS,2026-01-30T14:34:12.611396
2026-03-24,BKK,departure,20:50,BOM Mumbai,AI2338,AI,4h 50m,20:50 | Air India | BOM Mumbai | AI2338 | 4h 50m | DETAILS,2026-01-30T14:34:12.670177
2026-03-24,BKK,departure,20:50,VTE Vientiane,QV446,QV,1h 0m,20:50 | Lao Airlines | VTE Vientiane | QV446 | 1h 0m | DETAILS,2026-01-30T14:34:12.733806
2026-03-24,BKK,departure,20:55,CNX Chiang Mai,FD4102,FD,1h 25m,20:55 | Thai AirAsia | CNX Chiang Mai | FD4102 | 1h 25m | DETAILS,2026-01-30T14:34:12.793702
2026-03-24,BKK,departure,20:55,AMD Ahmedabad,TG343,TG,4h 45m,20:55 | Thai Airways | AMD Ahmedabad | TG343 | 4h 45m | DETAILS,2026-01-30T14:34:12.853888
2026-03-24,BKK,departure,21:00,BLR Bengaluru,6E1056,6E,3h 55m,21:00 | IndiGo | BLR Bengaluru | 6E1056 | 3h 55m | DETAILS,2026-01-30T14:34:12.914650
2026-03-24,BKK,departure,21:00,HKT Phuket,VZ312,VZ,1h 30m,21:00 | Vietjet Thailand | HKT Phuket | VZ312 | 1h 30m | DETAILS,2026-01-30T14:34:12.975726
2026-03-24,BKK,departure,21:05,KMG Kunming,MU9614,MU,2h 35m,21:05 | China Eastern | KMG Kunming | MU9614 | 2h 35m | DETAILS,2026-01-30T14:34:13.033859
2026-03-24,BKK,departure,21:10,SIN Singapore,SQ719,SQ,2h 30m,21:10 | Singapore Airlines | SIN Singapore | SQ719 | 2h 30m | DETAILS,2026-01-30T14:34:13.100281
2026-03-24,BKK,departure,21:15,SGN Ho Chi Minh City,VN608,VN,1h 45m,21:15 | Vietnam Airlines | SGN Ho Chi Minh City | VN608 | 1h 45m | DETAILS,2026-01-30T14:34:13.167439
2026-03-24,BKK,departure,21:15,KTM Kathmandu,TG309,TG,3h 25m,21:15 | Thai Airways | KTM Kathmandu | TG309 | 3h 25m | DETAILS,2026-01-30T14:34:13.223801
2026-03-24,BKK,departure,21:25,MEL Melbourne,JQ30,JQ,8h 55m,21:25 | Jetstar | MEL Melbourne | JQ30 | 8h 55m | DETAILS,2026-01-30T14:34:13.285218
2026-03-24,BKK,departure,21:30,ICN Seoul,KE658,KE,5h 15m,21:30 | Korean Air | ICN Seoul | KE658 | 5h 15m | DETAILS,2026-01-30T14:34:13.344479
2026-03-24,BKK,departure,21:30,HKT Phuket,PG287,PG,1h 30m,21:30 | Bangkok Airways | HKT Phuket | PG287 | 1h 30m | DETAILS,2026-01-30T14:34:13.410274
2026-03-24,BKK,departure,21:35,CRK Angeles,5J944,5J,3h 25m,21:35 | Cebu Pacific | CRK Angeles | 5J944 | 3h 25m | DETAILS,2026-01-30T14:34:13.470015
2026-03-24,BKK,departure,21:40,RGN Yangon,UB18,UB,1h 25m,21:40 | Myanmar National Airlines | RGN Yangon | UB18 | 1h 25m | DETAILS,2026-01-30T14:34:13.537072
2026-03-24,BKK,departure,21:50,PER Perth,JQ76,JQ,6h 50m,21:50 | Jetstar | PER Perth | JQ76 | 6h 50m | DETAILS,2026-01-30T14:34:13.605595
2026-03-24,BKK,departure,21:50,BLR Bengaluru,TG325,TG,3h 45m,21:50 | Thai Airways | BLR Bengaluru | TG325 | 3h 45m | DETAILS,2026-01-30T14:34:13.663124
2026-03-24,BKK,departure,21:55,CAN Guangzhou,9C7420,9C,3h 5m,21:55 | Spring Airlines | CAN Guangzhou | 9C7420 | 3h 5m | DETAILS,2026-01-30T14:34:13.723571
2026-03-24,BKK,departure,21:55,CMB Colombo,TG307,TG,3h 36m,21:55 | Thai Airways | CMB Colombo | TG307 | 3h 36m | DETAILS,2026-01-30T14:34:13.783275
2026-03-24,BKK,departure,21:55,HYD Hyderabad,TG329,TG,3h 36m,21:55 | Thai Airways | HYD Hyderabad | TG329 | 3h 36m | DETAILS,2026-01-30T14:34:13.842271
2026-03-24,BKK,departure,21:55,MAA Chennai,TG337,TG,3h 36m,21:55 | Thai Airways | MAA Chennai | TG337 | 3h 36m | DETAILS,2026-01-30T14:34:13.904087
2026-03-24,BKK,departure,22:05,BOM Mumbai,6E1060,6E,4h 45m,22:05 | IndiGo | BOM Mumbai | 6E1060 | 4h 45m | DETAILS,2026-01-30T14:34:14.035046
2026-03-24,BKK,departure,22:05,HND Tokyo,JL34,JL,5h 35m,22:05 | JAL | HND Tokyo | JL34 | 5h 35m | DETAILS,2026-01-30T14:34:14.150353
2026-03-24,BKK,departure,22:10,CNX Chiang Mai,VZ2104,VZ,1h 25m,22:10 | Vietjet Thailand | CNX Chiang Mai | VZ2104 | 1h 25m | DETAILS,2026-01-30T14:34:14.242977
2026-03-24,BKK,departure,22:10,HAN Hanoi,VN616,VN,1h 55m,22:10 | Vietnam Airlines | HAN Hanoi | VN616 | 1h 55m | DETAILS,2026-01-30T14:34:14.338329
2026-03-24,BKK,departure,22:15,BOM Mumbai,TG351,TG,4h 35m,22:15 | Thai Airways | BOM Mumbai | TG351 | 4h 35m | DETAILS,2026-01-30T14:34:14.439101
2026-03-24,BKK,departure,22:20,DEL Delhi,AI2303,AI,4h 50m,22:20 | Air India | DEL Delhi | AI2303 | 4h 50m | DETAILS,2026-01-30T14:34:14.533096
2026-03-24,BKK,departure,22:20,ICN Seoul,BX728,BX,5h 45m,22:20 | Air Busan | ICN Seoul | BX728 | 5h 45m | DETAILS,2026-01-30T14:34:14.632398
2026-03-24,BKK,departure,22:20,IST Istanbul,TK53,TK,10h 55m,22:20 | Turkish Airlines | IST Istanbul | TK53 | 10h 55m | DETAILS,2026-01-30T14:34:14.727021
2026-03-24,BKK,departure,22:20,HKT Phuket,VZ316,VZ,1h 35m,22:20 | Vietjet Thailand | HKT Phuket | VZ316 | 1h 35m | DETAILS,2026-01-30T14:34:14.845604
2026-03-24,BKK,departure,22:25,ICN Seoul,ZE512,ZE,5h 55m,22:25 | Eastar Jet | ICN Seoul | ZE512 | 5h 55m | DETAILS,2026-01-30T14:34:14.958410
2026-03-24,BKK,departure,22:25,ICN Seoul,LJ2,LJ,5h 40m,22:25 | Jin Air | ICN Seoul | LJ2 | 5h 40m | DETAILS,2026-01-30T14:34:15.059134
2026-03-24,BKK,departure,22:25,HND Tokyo,NH850,NH,5h 40m,22:25 | ANA | HND Tokyo | NH850 | 5h 40m | DETAILS,2026-01-30T14:34:15.158306
2026-03-24,BKK,departure,22:30,CCU Kolkata,VZ770,VZ,2h 50m,22:30 | Vietjet Thailand | CCU Kolkata | VZ770 | 2h 50m | DETAILS,2026-01-30T14:34:15.249537
2026-03-24,BKK,departure,22:30,NRT Tokyo,TG640,TG,5h 50m,22:30 | Thai Airways | NRT Tokyo | TG640 | 5h 50m | DETAILS,2026-01-30T14:34:15.354248
2026-03-24,BKK,departure,22:35,SYD Sydney,TG471,TG,9h 20m,22:35 | Thai Airways | SYD Sydney | TG471 | 9h 20m | DETAILS,2026-01-30T14:34:15.453146
2026-03-24,BKK,departure,22:45,MFM Macau,NX991,NX,2h 45m,22:45 | Air Macau | MFM Macau | NX991 | 2h 45m | DETAILS,2026-01-30T14:34:15.553958
2026-03-24,BKK,departure,22:55,PUS Busan,BX726,BX,5h 25m,22:55 | Air Busan | PUS Busan | BX726 | 5h 25m | DETAILS,2026-01-30T14:34:15.652106
2026-03-24,BKK,departure,22:55,SIN Singapore,TR615,TR,2h 50m,22:55 | Scoot | SIN Singapore | TR615 | 2h 50m | DETAILS,2026-01-30T14:34:15.748355
2026-03-24,BKK,departure,23:10,LGW London,BA2230,BA,13h 20m,23:10 | British Airways | LGW London | BA2230 | 13h 20m | DETAILS,2026-01-30T14:34:16.090120
2026-03-24,BKK,departure,23:10,ICN Seoul,TG658,TG,5h 25m,23:10 | Thai Airways | ICN Seoul | TG658 | 5h 25m | DETAILS,2026-01-30T14:34:16.155572
2026-03-24,BKK,departure,23:15,DAC Dhaka,TG339,TG,2h 35m,23:15 | Thai Airways | DAC Dhaka | TG339 | 2h 35m | DETAILS,2026-01-30T14:34:16.217774
2026-03-24,BKK,departure,23:15,HND Tokyo,TG682,TG,5h 40m,23:15 | Thai Airways | HND Tokyo | TG682 | 5h 40m | DETAILS,2026-01-30T14:34:16.276748
2026-03-24,BKK,departure,23:15,ICN Seoul,KE652,KE,5h 20m,23:15 | Korean Air | ICN Seoul | KE652 | 5h 20m | DETAILS,2026-01-30T14:34:16.337408
2026-03-24,BKK,departure,23:15,IST Istanbul,TK69,TK,10h 55m,23:15 | Turkish Airlines | IST Istanbul | TK69 | 10h 55m | DETAILS,2026-01-30T14:34:16.397592
2026-03-24,BKK,departure,23:20,RGN Yangon,8M373,8M,1h 20m,23:20 | MAI | RGN Yangon | 8M373 | 1h 20m | DETAILS,2026-01-30T14:34:16.459995
2026-03-24,BKK,departure,23:25,DEL Delhi,TG331,TG,4h 25m,23:25 | Thai Airways | DEL Delhi | TG331 | 4h 25m | DETAILS,2026-01-30T14:34:16.519719
2026-03-24,BKK,departure,23:30,MUC Munich,LH773,LH,11h 50m,23:30 | Lufthansa | MUC Munich | LH773 | 11h 50m | DETAILS,2026-01-30T14:34:16.579396
2026-03-24,BKK,departure,23:30,ICN Seoul,TG656,TG,5h 25m,23:30 | Thai Airways | ICN Seoul | TG656 | 5h 25m | DETAILS,2026-01-30T14:34:16.642924
2026-03-24,BKK,departure,23:35,CCU Kolkata,TG313,TG,2h 35m,23:35 | Thai Airways | CCU Kolkata | TG313 | 2h 35m | DETAILS,2026-01-30T14:34:16.705546
2026-03-24,BKK,departure,23:40,FRA Frankfurt,TG920,TG,12h 15m,23:40 | Thai Airways | FRA Frankfurt | TG920 | 12h 15m | DETAILS,2026-01-30T14:34:16.765503
2026-03-24,BKK,departure,23:45,IST Istanbul,TG900,TG,10h 20m,23:45 | Thai Airways | IST Istanbul | TG900 | 10h 20m | DETAILS,2026-01-30T14:34:16.822667
2026-03-24,BKK,departure,23:45,NRT Tokyo,ZG52,ZG,5h 45m,23:45 | Zipair | NRT Tokyo | ZG52 | 5h 45m | DETAILS,2026-01-30T14:34:16.886302
2026-03-24,BKK,departure,23:50,FRA Frankfurt,DE2361,DE,12h 50m,23:50 | Condor | FRA Frankfurt | DE2361 | 12h 50m | DETAILS,2026-01-30T14:34:16.945306
2026-03-24,BKK,departure,23:50,VIE Vienna,OS8,OS,11h 35m,23:50 | Austrian | VIE Vienna | OS8 | 11h 35m | DETAILS,2026-01-30T14:34:17.006049
2026-03-24,BKK,departure,23:50,MNL Manila,PR733,PR,3h 10m,23:50 | PAL | MNL Manila | PR733 | 3h 10m | DETAILS,2026-01-30T14:34:17.068523
2026-03-24,BKK,departure,23:55,TLV Tel Aviv-Yafo,LY82,LY,11h 15m,23:55 | El Al | TLV Tel Aviv-Yafo | LY82 | 11h 15m | DETAILS,2026-01-30T14:34:17.127782
2026-03-24,BKK,departure,23:55,NRT Tokyo,TG642,TG,5h 45m,23:55 | Thai Airways | NRT Tokyo | TG642 | 5h 45m | DETAILS,2026-01-30T14:34:17.188223
2026-03-24,BKK,departure,23:55,NRT Tokyo,VZ830,VZ,6h 0m,23:55 | Vietjet Thailand | NRT Tokyo | VZ830 | 6h 0m | DETAILS,2026-01-30T14:34:17.251230
2026-03-24,BKK,departure,23:55,CTS Sapporo,TG670,TG,6h 25m,23:55 | Thai Airways | CTS Sapporo | TG670 | 6h 25m | DETAILS,2026-01-30T14:34:17.312498
2026-03-24,BKK,departure,23:55,ICN Seoul,OZ742,OZ,5h 0m,23:55 | Asiana | ICN Seoul | OZ742 | 5h 0m | DETAILS,2026-01-30T14:34:17.372501
2026-03-24,BKK,departure,23:59,KIX Osaka,TG622,TG,5h 21m,23:59 | Thai Airways | KIX Osaka | TG622 | 5h 21m | DETAILS,2026-01-30T14:34:17.435321
2026-03-24,BKK,arrival,06:50,BKK Bangkok,TG930,TG,12h 45m,06:50 | Thai Airways | BKK Bangkok | TG930 | 12h 45m | DETAILS,2026-01-30T14:34:21.317448
2026-03-24,BKK,arrival,06:40,BKK Bangkok,TG910,TG,13h 35m,06:40 | Thai Airways | BKK Bangkok | TG910 | 13h 35m | DETAILS,2026-01-30T14:34:21.377814
2026-03-24,BKK,arrival,07:30,BKK Bangkok,TG644,TG,5h 25m,07:30 | Thai Airways | BKK Bangkok | TG644 | 5h 25m | DETAILS,2026-01-30T14:34:21.448277
2026-03-24,BKK,arrival,07:05,BKK Bangkok,TG954,TG,13h 0m,07:05 | Thai Airways | BKK Bangkok | TG954 | 13h 0m | DETAILS,2026-01-30T14:34:21.512084
2026-03-24,BKK,arrival,06:20,BKK Bangkok,TG950,TG,12h 15m,06:20 | Thai Airways | BKK Bangkok | TG950 | 12h 15m | DETAILS,2026-01-30T14:34:21.572308
2026-03-24,BKK,arrival,06:45,BKK Bangkok,TG960,TG,12h 40m,06:45 | Thai Airways | BKK Bangkok | TG960 | 12h 40m | DETAILS,2026-01-30T14:34:21.634270
2026-03-24,BKK,arrival,08:15,BKK Bangkok,NQ2,NQ,6h 5m,08:15 | Air Japan | BKK Bangkok | NQ2 | 6h 5m | DETAILS,2026-01-30T14:34:21.695441
2026-03-24,BKK,arrival,07:05,BKK Bangkok,TG934,TG,12h 35m,07:05 | Thai Airways | BKK Bangkok | TG934 | 12h 35m | DETAILS,2026-01-30T14:34:21.758185
2026-03-24,BKK,arrival,05:00,BKK Bangkok,OQ2362,OQ,3h 30m,05:00 | Chongqing Airlines | BKK Bangkok | OQ2362 | 3h 30m | DETAILS,2026-01-30T14:34:21.826647
2026-03-24,BKK,arrival,06:55,BKK Bangkok,TG970,TG,12h 20m,06:55 | Thai Airways | BKK Bangkok | TG970 | 12h 20m | DETAILS,2026-01-30T14:34:21.889103
2026-03-24,BKK,arrival,07:10,BKK Bangkok,TG940,TG,12h 35m,07:10 | Thai Airways | BKK Bangkok | TG940 | 12h 35m | DETAILS,2026-01-30T14:34:21.952572
2026-03-24,BKK,arrival,08:00,BKK Bangkok,7C2552,7C,5h 20m,08:00 | Jeju Air | BKK Bangkok | 7C2552 | 5h 20m | DETAILS,2026-01-30T14:34:22.013673
2026-03-24,BKK,arrival,07:55,BKK Bangkok,LJ22,LJ,5h 5m,07:55 | Jin Air | BKK Bangkok | LJ22 | 5h 5m | DETAILS,2026-01-30T14:34:22.081297
2026-03-24,BKK,arrival,06:45,BKK Bangkok,TG924,TG,11h 55m,06:45 | Thai Airways | BKK Bangkok | TG924 | 11h 55m | DETAILS,2026-01-30T14:34:22.143938
2026-03-24,BKK,arrival,08:15,PVG Shanghai,KE654,KE,5h 20m,00:55 | Shanghai Airlines | PVG Shanghai | FM849 | 4h 50m | DETAILS,2026-01-30T14:34:22.346466
2026-03-24,BKK,arrival,00:55,ICN Seoul,KE655,KE,6h 5m,00:55 | Korean Air | ICN Seoul | KE655 | 6h 5m | DETAILS,2026-01-30T14:34:22.443653
2026-03-24,BKK,arrival,01:05,CAN Guangzhou,CZ3035,CZ,3h 5m,01:05 | China Southern | CAN Guangzhou | CZ3035 | 3h 5m | DETAILS,2026-01-30T14:34:22.536423
2026-03-24,BKK,arrival,01:10,DAD Da Nang,EK371,EK,1h 40m,01:10 | Emirates | DAD Da Nang | EK371 | 1h 40m | DETAILS,2026-01-30T14:34:22.641402
2026-03-24,BKK,arrival,01:15,KMG Kunming,MU893,MU,2h 40m,01:15 | China Eastern | KMG Kunming | MU893 | 2h 40m | DETAILS,2026-01-30T14:34:22.750692
2026-03-24,BKK,arrival,01:20,XIY Xian,9C6251,9C,4h 10m,01:20 | Spring Airlines | XIY Xian | 9C6251 | 4h 10m | DETAILS,2026-01-30T14:34:22.847968
2026-03-24,BKK,arrival,01:20,RGN Yangon,8M390,8M,1h 20m,01:20 | MAI | RGN Yangon | 8M390 | 1h 20m | DETAILS,2026-01-30T14:34:22.942148
2026-03-24,BKK,arrival,01:20,NKG Nanjing,MU2803,MU,4h 35m,01:20 | China Eastern | NKG Nanjing | MU2803 | 4h 35m | DETAILS,2026-01-30T14:34:23.034250
2026-03-24,BKK,arrival,01:30,TAE Daegu,TW105,TW,6h 5m,01:30 | T´Way Air | TAE Daegu | TW105 | 6h 5m | DETAILS,2026-01-30T14:34:23.136110
2026-03-24,BKK,arrival,01:30,PVG Shanghai,CA805,CA,4h 35m,01:30 | Air China | PVG Shanghai | CA805 | 4h 35m | DETAILS,2026-01-30T14:34:23.245819
2026-03-24,BKK,arrival,01:35,TPE Taipei,CI837,CI,4h 5m,01:35 | China Airlines | TPE Taipei | CI837 | 4h 5m | DETAILS,2026-01-30T14:34:23.358559
2026-03-24,BKK,arrival,01:40,SZX Shenzhen,CZ8157,CZ,3h 5m,01:40 | China Southern | SZX Shenzhen | CZ8157 | 3h 5m | DETAILS,2026-01-30T14:34:23.458385
2026-03-24,BKK,arrival,01:50,CGO Zhengzhou,CZ3079,CZ,4h 25m,01:50 | China Southern | CGO Zhengzhou | CZ3079 | 4h 25m | DETAILS,2026-01-30T14:34:23.556802
2026-03-24,BKK,arrival,01:55,PVG Shanghai,FM841,FM,4h 35m,01:55 | Shanghai Airlines | PVG Shanghai | FM841 | 4h 35m | DETAILS,2026-01-30T14:34:23.652356
2026-03-24,BKK,arrival,01:55,TNA Jinan,SC8075,SC,5h 0m,01:55 | Shandong Airlines | TNA Jinan | SC8075 | 5h 0m | DETAILS,2026-01-30T14:34:23.756782
2026-03-24,BKK,arrival,02:05,CAN Guangzhou,MU2077,MU,3h 0m,02:05 | China Eastern | CAN Guangzhou | MU2077 | 3h 0m | DETAILS,2026-01-30T14:34:23.859144
2026-03-24,BKK,arrival,02:15,SZX Shenzhen,ZH305,ZH,2h 55m,02:15 | Shenzhen Airlines | SZX Shenzhen | ZH305 | 2h 55m | DETAILS,2026-01-30T14:34:23.954243
2026-03-24,BKK,arrival,02:30,HGH Hangzhou,VZ3537,VZ,4h 30m,02:30 | Vietjet Thailand | HGH Hangzhou | VZ3537 | 4h 30m | DETAILS,2026-01-30T14:34:24.042950
2026-03-24,BKK,arrival,02:30,IKT Irkutsk,S76305,S7,6h 20m,02:30 | S7 Airlines | IKT Irkutsk | S76305 | 6h 20m | DETAILS,2026-01-30T14:34:24.159914
2026-03-24,BKK,arrival,04:05,PVG Shanghai,FM847,FM,4h 50m,04:05 | Shanghai Airlines | PVG Shanghai | FM847 | 4h 50m | DETAILS,2026-01-30T14:34:24.245607
2026-03-24,BKK,arrival,04:20,IST Istanbul,TK58,TK,8h 50m,04:20 | Turkish Airlines | IST Istanbul | TK58 | 8h 50m | DETAILS,2026-01-30T14:34:24.330282
2026-03-24,BKK,arrival,04:55,PNQ Pune,6E1095,6E,4h 15m,04:55 | IndiGo | PNQ Pune | 6E1095 | 4h 15m | DETAILS,2026-01-30T14:34:24.413022
2026-03-24,BKK,arrival,04:55,CCU Kolkata,VZ771,VZ,2h 35m,04:55 | Vietjet Thailand | CCU Kolkata | VZ771 | 2h 35m | DETAILS,2026-01-30T14:34:24.502650
2026-03-24,BKK,arrival,05:00,KIX Osaka,JL727,JL,6h 15m,05:00 | JAL | KIX Osaka | JL727 | 6h 15m | DETAILS,2026-01-30T14:34:24.736992
2026-03-24,BKK,arrival,05:05,BOM Mumbai,TG318,TG,4h 15m,05:05 | Thai Airways | BOM Mumbai | TG318 | 4h 15m | DETAILS,2026-01-30T14:34:24.806194
2026-03-24,BKK,arrival,05:05,HND Tokyo,JL33,JL,6h 55m,05:05 | JAL | HND Tokyo | JL33 | 6h 55m | DETAILS,2026-01-30T14:34:24.865999
2026-03-24,BKK,arrival,05:10,KTM Kathmandu,TG310,TG,3h 30m,05:10 | Thai Airways | KTM Kathmandu | TG310 | 3h 30m | DETAILS,2026-01-30T14:34:24.931504
2026-03-24,BKK,arrival,05:10,HND Tokyo,NH849,NH,7h 5m,05:10 | ANA | HND Tokyo | NH849 | 7h 5m | DETAILS,2026-01-30T14:34:24.998254
2026-03-24,BKK,arrival,05:20,IST Istanbul,TG901,TG,8h 50m,05:20 | Thai Airways | IST Istanbul | TG901 | 8h 50m | DETAILS,2026-01-30T14:34:25.055522
2026-03-24,BKK,arrival,05:25,HND Tokyo,TG661,TG,7h 5m,05:25 | Thai Airways | HND Tokyo | TG661 | 7h 5m | DETAILS,2026-01-30T14:34:25.119470
2026-03-24,BKK,arrival,05:30,DAC Dhaka,TG340,TG,2h 30m,05:30 | Thai Airways | DAC Dhaka | TG340 | 2h 30m | DETAILS,2026-01-30T14:34:25.180427
2026-03-24,BKK,arrival,05:30,PKX Beijing,VZ3719,VZ,5h 15m,05:30 | Vietjet Thailand | PKX Beijing | VZ3719 | 5h 15m | DETAILS,2026-01-30T14:34:25.245536
2026-03-24,BKK,arrival,05:40,MEL Melbourne,TG462,TG,9h 10m,05:40 | Thai Airways | MEL Melbourne | TG462 | 9h 10m | DETAILS,2026-01-30T14:34:25.324132
2026-03-24,BKK,arrival,05:45,ARN Stockholm,TG961,TG,10h 45m,05:45 | Thai Airways | ARN Stockholm | TG961 | 10h 45m | DETAILS,2026-01-30T14:34:25.410233
2026-03-24,BKK,arrival,05:50,CCU Kolkata,TG314,TG,2h 25m,05:50 | Thai Airways | CCU Kolkata | TG314 | 2h 25m | DETAILS,2026-01-30T14:34:25.471759
2026-03-24,BKK,arrival,05:55,MAA Chennai,TG338,TG,3h 25m,05:55 | Thai Airways | MAA Chennai | TG338 | 3h 25m | DETAILS,2026-01-30T14:34:25.539739
